col0,col1,col2
18h40m07.883s,-5d22m07.6314s,2
18h40m11.9843s,-5d22m38.1378s,1
18h40m46.0638s,-5d26m59.9406s,2
18h40m03.8307s,-5d21m35.0086s,2
18h40m47.8656s,-5d27m13.7581s,0
18h39m57.3656s,-5d20m44.0275s,2
18h40m30.2976s,-5d24m57.1064s,2
18h40m25.768s,-5d24m22.0907s,1
18h40m19.8614s,-5d23m36.5525s,2
18h40m07.7545s,-5d22m03.297s,1
18h40m08.426s,-5d22m08.2344s,2
18h40m24.4511s,-5d24m10.5941s,1
18h40m29.6174s,-5d24m50.2607s,0
18h40m45.6548s,-5d26m53.534s,1
18h40m36.8544s,-5d25m45.8224s,2
18h40m11.0341s,-5d22m26.9454s,1
18h40m08.7748s,-5d22m09.1769s,0
18h40m07.4179s,-5d21m58.4644s,2
18h40m05.0712s,-5d21m39.379s,0
18h40m10.4673s,-5d22m20.7638s,1
18h40m38.1601s,-5d25m53.7755s,2
18h40m22.8517s,-5d23m55.8431s,1
18h40m47.0438s,-5d27m01.8119s,0
18h40m08.3947s,-5d22m04.2398s,0
18h40m20.9991s,-5d23m41.015s,0
18h40m18.5109s,-5d23m21.2831s,0
18h40m03.9611s,-5d21m28.0325s,1
18h40m27.1401s,-5d24m25.6406s,2
18h40m48.3423s,-5d27m08.4744s,0
18h40m23.7651s,-5d23m58.9585s,2
18h39m53.4757s,-5d20m05.6342s,0
18h40m18.5295s,-5d23m18.2094s,0
18h40m22.2977s,-5d23m46.7668s,1
18h40m29.8869s,-5d24m44.9158s,0
18h40m04.4826s,-5d21m29.0938s,1
18h40m13.13s,-5d22m35.3273s,0
18h40m26.518s,-5d24m17.5518s,0
18h40m24.0228s,-5d23m58.1982s,0
18h40m22.0787s,-5d23m43.1866s,2
18h40m31.7885s,-5d24m57.3638s,1
18h40m06.8912s,-5d21m45.6764s,1
18h40m39.7591s,-5d25m58.3676s,2
18h40m14.592s,-5d22m43.7977s,2
18h40m17.5728s,-5d23m06.3208s,2
18h40m21.2681s,-5d23m34.3259s,1
18h40m49.1557s,-5d27m08.8103s,0
18h39m56.9141s,-5d20m26.8224s,0
18h40m18.716s,-5d23m14.5036s,2
18h40m06.0694s,-5d21m36.9605s,1
18h40m26.6207s,-5d24m15.0624s,0
18h40m32.5149s,-5d24m59.7528s,2
18h40m12.9899s,-5d22m28.9369s,2
18h40m06.6405s,-5d21m39.9301s,2
18h39m52.7369s,-5d19m52.7794s,2
18h40m43.4708s,-5d26m22.8628s,1
18h40m15.0041s,-5d22m43.3445s,2
18h39m55.9797s,-5d20m16.3511s,0
18h40m10.4191s,-5d22m07.3214s,1
18h40m16.0643s,-5d22m50.7223s,0
18h40m25.584s,-5d24m03.7303s,2
18h40m07.386s,-5d21m42.3756s,0
18h40m45.5504s,-5d26m35.7198s,2
18h40m26.3451s,-5d24m07.3865s,1
18h40m49.1599s,-5d27m02.7479s,2
18h39m57.4575s,-5d20m24.7736s,0
18h40m10.5649s,-5d22m05.489s,2
18h40m13.2896s,-5d22m25.2073s,2
18h40m27.616s,-5d24m14.5148s,0
18h40m04.9688s,-5d21m19.7086s,2
18h40m01.0207s,-5d20m49.2155s,1
18h39m52.9998s,-5d19m46.8883s,2
18h40m46.8888s,-5d26m40.7112s,1
18h40m49.8617s,-5d27m02.5981s,1
18h40m16.9631s,-5d22m47.5259s,2
18h40m00.2818s,-5d20m39.062s,0
18h40m19.5697s,-5d23m07.4519s,0
18h40m44.3985s,-5d26m18.4369s,1
18h40m45.9151s,-5d26m28.3776s,0
18h40m49.1697s,-5d26m52.8018s,2
18h40m12.0976s,-5d22m07.522s,1
18h40m22.0941s,-5d23m23.8801s,1
18h39m54.4765s,-5d19m50.8552s,0
18h40m01.9159s,-5d20m48.089s,1
18h40m18.4765s,-5d22m55.4812s,1
18h40m25.867s,-5d23m52.2445s,0
18h40m24.8533s,-5d23m44.268s,0
18h40m46.9188s,-5d26m33.7859s,1
18h40m09.5266s,-5d21m46.0714s,2
18h40m13.4339s,-5d22m16.0846s,1
18h40m10.3457s,-5d21m51.8447s,1
18h40m30.3804s,-5d24m25.916s,1
18h40m40.6817s,-5d25m45.102s,2
18h40m00.681s,-5d20m37.0388s,0
18h40m21.1104s,-5d23m13.3534s,2
18h40m09.7251s,-5d21m44.6623s,2
18h40m30.3858s,-5d24m23.3064s,1
18h40m46.8986s,-5d26m29.9926s,2
18h40m43.716s,-5d26m05.1727s,2
18h39m53.8243s,-5d19m41.0138s,1
18h40m34.1271s,-5d24m50.8543s,2
18h40m42.5779s,-5d25m55.2205s,0
18h40m32.7021s,-5d24m39.2054s,2
18h40m33.507s,-5d24m44.7271s,2
18h40m16.3014s,-5d22m32.0743s,1
18h40m23.4066s,-5d23m26.6885s,1
18h40m47.1867s,-5d26m29.1998s,2
18h40m12.4493s,-5d22m01.7648s,2
18h39m58.2474s,-5d20m11.998s,0
18h40m09.3438s,-5d21m36.9731s,1
18h40m49.8543s,-5d26m48.2672s,1
18h40m26.3863s,-5d23m47.6304s,0
18h40m41.2445s,-5d25m41.2457s,1
18h40m13.1759s,-5d22m04.0822s,0
18h40m49.6148s,-5d26m44.2864s,1
18h40m37.1479s,-5d25m08.3554s,2
18h40m24.9572s,-5d23m34.1632s,2
18h40m16.4599s,-5d22m28.4531s,0
18h40m44.5862s,-5d26m04.4308s,1
18h40m21.3509s,-5d23m05.3282s,1
18h40m50.3576s,-5d26m48.1128s,1
18h40m25.6823s,-5d23m37.8773s,0
18h40m22.7173s,-5d23m14.5932s,1
18h40m41.3892s,-5d25m38.0543s,1
18h40m49.3213s,-5d26m38.9314s,0
18h40m44.7435s,-5d26m03.6906s,2
18h40m37.9978s,-5d25m11.7466s,1
18h40m49.748s,-5d26m41.969s,2
18h40m16.8344s,-5d22m28.6482s,0
18h40m28.8574s,-5d24m01.0836s,1
18h39m57.8553s,-5d20m02.3388s,0
18h40m44.6351s,-5d26m01.9118s,2
18h40m05.7734s,-5d21m02.6878s,0
18h40m17.9823s,-5d22m36.5286s,0
18h40m49.0303s,-5d26m35.0246s,2
18h39m53.541s,-5d19m26.8896s,0
18h39m59.8384s,-5d20m15.324s,2
18h40m05.8393s,-5d21m00.9385s,1
18h39m58.9461s,-5d20m07.5404s,0
18h40m05.9397s,-5d21m01.2272s,0
18h40m08.1982s,-5d21m18.1984s,0
18h40m35.3342s,-5d24m46.9256s,0
18h40m12.5245s,-5d21m51.1693s,0
18h40m01.5376s,-5d20m26.1514s,0
18h40m47.225s,-5d26m17.4095s,1
18h40m30.1082s,-5d24m05.567s,0
18h40m49.6147s,-5d26m35.4095s,0
18h40m41.9749s,-5d25m36.601s,0
18h40m41.0343s,-5d25m29.0413s,2
18h40m08.5436s,-5d21m18.9572s,2
18h40m32.4527s,-5d24m22.6202s,1
18h40m24.5052s,-5d23m21.3616s,1
18h40m00.5848s,-5d20m17.1978s,0
18h40m32.0744s,-5d24m18.7333s,2
18h40m00.9023s,-5d20m18.7181s,2
18h40m02.0372s,-5d20m26.6258s,1
18h40m21.9132s,-5d22m59.587s,2
18h40m38.523s,-5d25m06.9928s,2
18h40m28.2875s,-5d23m47.4713s,0
18h40m49.7952s,-5d26m32.7372s,2
18h39m59.018s,-5d20m01.5385s,0
18h40m47.0774s,-5d26m11.2981s,0
18h40m35.3474s,-5d24m40.9014s,1
18h40m44.8515s,-5d25m53.7938s,2
18h40m29.7419s,-5d23m57.2536s,1
18h40m11.0631s,-5d21m33.2179s,1
18h40m02.7399s,-5d20m28.7804s,0
18h39m59.9056s,-5d20m06.7409s,1
18h40m04.017s,-5d20m37.8074s,1
18h40m11.143s,-5d21m32.3201s,2
18h40m49.8416s,-5d26m29.999s,0
18h40m22.4745s,-5d22m59.3213s,1
18h40m08.3814s,-5d21m10.7996s,1
18h40m26.1841s,-5d23m27.4859s,0
18h40m48.8946s,-5d26m21.7072s,2
18h40m33.4372s,-5d24m22.0979s,1
18h40m02.783s,-5d20m26.1751s,1
18h40m12.1988s,-5d21m38.0138s,2
18h40m35.6304s,-5d24m38.2046s,1
18h40m41.7165s,-5d25m24.7375s,2
18h39m59.6885s,-5d20m01.0392s,2
18h40m48.2837s,-5d26m14.4852s,2
18h39m58.9691s,-5d19m54.8335s,1
18h40m25.2173s,-5d23m16.6279s,1
18h40m26.2328s,-5d23m24.0983s,2
18h40m36.6459s,-5d24m44.1475s,2
18h40m29.8436s,-5d23m51.7423s,2
18h40m01.5659s,-5d20m14.0334s,1
18h40m37.8988s,-5d24m53.4074s,1
18h40m03.3617s,-5d20m27.2785s,2
18h40m49.4731s,-5d26m21.4465s,2
18h40m07.3715s,-5d20m57.548s,0
18h40m47.3625s,-5d26m05.1198s,0
18h40m14.6935s,-5d21m53.2796s,2
18h40m13.7798s,-5d21m46.1488s,1
18h40m28.0016s,-5d23m35.4214s,2
18h40m20.2219s,-5d22m34.4197s,2
18h40m21.8756s,-5d22m47.1274s,1
18h40m20.9045s,-5d22m39.6106s,1
18h40m45.5111s,-5d25m48.8611s,2
18h40m02.3983s,-5d20m16.6535s,2
18h40m17.0797s,-5d22m09.2402s,1
18h40m48.8992s,-5d26m13.6082s,2
18h40m39.3887s,-5d25m00.359s,0
18h40m25.9602s,-5d23m16.8691s,0
18h40m25.2788s,-5d23m11.0681s,0
18h40m08.7411s,-5d21m03.163s,0
18h40m10.6306s,-5d21m17.5072s,1
18h40m07.5765s,-5d20m53.6316s,0
18h40m18.9255s,-5d22m20.6281s,0
18h40m45.2056s,-5d25m42.641s,0
18h40m31.1304s,-5d23m53.9174s,1
18h40m46.6739s,-5d25m53.0335s,2
18h39m56.6781s,-5d19m27.1067s,1
18h40m31.1796s,-5d23m52.0451s,1
18h40m38.1671s,-5d24m45.522s,1
18h40m22.6535s,-5d22m45.7003s,0
18h39m58.758s,-5d19m41.7378s,1
18h40m24.3622s,-5d22m58.6819s,0
18h40m10.754s,-5d21m13.7304s,2
18h40m50.3361s,-5d26m17.7346s,2
18h40m04.4351s,-5d20m24.3337s,0
18h40m33.5293s,-5d24m07.9931s,0
18h40m48.5622s,-5d26m03.4501s,2
18h40m06.788s,-5d20m41.4892s,1
18h40m03.3232s,-5d20m14.4679s,1
18h40m01.7936s,-5d20m01.9608s,1
18h40m03.7407s,-5d20m16.6614s,1
18h40m46.6082s,-5d25m46.1136s,1
18h40m04.3284s,-5d20m20.7967s,2
18h40m07.8164s,-5d20m47.0288s,2
18h40m05.5914s,-5d20m29.6534s,1
18h40m22.6977s,-5d22m41.0927s,2
18h40m31.8427s,-5d23m51.0133s,0
18h39m58.8113s,-5d19m36.3868s,1
18h40m05.1628s,-5d20m25.2719s,0
18h40m50.9339s,-5d26m16.5476s,1
18h40m13.3065s,-5d21m27.0767s,1
18h40m42.6644s,-5d25m12.4093s,2
18h39m55.6843s,-5d19m10.5715s,1
18h40m10.8995s,-5d21m07.1726s,2
18h40m50.4497s,-5d26m10.9788s,0
18h40m34.5679s,-5d24m08.5644s,2
18h40m16.9679s,-5d21m52.888s,1
18h40m15.19s,-5d21m39.0215s,1
18h40m34.1984s,-5d24m04.8532s,0
18h40m01.757s,-5d19m55.1561s,1
18h40m15.4816s,-5d21m40.6843s,0
18h40m04.127s,-5d20m13.2608s,2
18h39m57.2562s,-5d19m19.9387s,0
18h40m17.5922s,-5d21m55.8162s,1
18h40m11.9478s,-5d21m12.1882s,1
18h40m10.5074s,-5d21m01.0955s,2
18h40m18.8166s,-5d22m04.0735s,0
18h40m13.3999s,-5d21m22.2908s,0
18h40m12.2423s,-5d21m13.2638s,0
18h40m20.0317s,-5d22m12.3863s,1
18h40m32.4295s,-5d23m47.7589s,0
18h40m44.1482s,-5d25m17.7586s,1
18h40m06.8892s,-5d20m30.9242s,0
18h40m43.3941s,-5d25m11.4593s,1
18h40m15.318s,-5d21m35.195s,2
18h39m57.6841s,-5d19m18.8198s,2
18h40m16.4434s,-5d21m42.9862s,2
18h40m27.4489s,-5d23m07.5318s,0
18h40m45.543s,-5d25m26.5062s,1
18h40m11.0299s,-5d21m00.9677s,0
18h40m14.9986s,-5d21m31.4172s,0
18h40m03.1197s,-5d19m59.804s,2
18h40m05.8037s,-5d20m20.3096s,0
18h40m27.5486s,-5d23m07.3918s,2
18h40m40.3569s,-5d24m45.8723s,1
18h40m01.0161s,-5d19m43.1227s,0
18h40m38.7096s,-5d24m33.0278s,2
18h40m25.4966s,-5d22m50.6449s,2
18h40m48.4828s,-5d25m47.3614s,0
18h40m37.9932s,-5d24m26.2084s,2
18h40m17.4088s,-5d21m47.821s,1
18h40m01.7563s,-5d19m47.1824s,0
18h40m36.791s,-5d24m16.6968s,1
18h40m14.2152s,-5d21m22.7246s,0
18h40m26.2027s,-5d22m54.9228s,1
18h40m11.5005s,-5d21m01.759s,2
18h40m15.2522s,-5d21m30.3642s,2
18h40m12.839s,-5d21m11.3692s,2
18h40m43.2105s,-5d25m04.526s,2
18h40m01.3282s,-5d19m42.2195s,2
18h40m01.5127s,-5d19m42.9884s,2
18h40m45.5285s,-5d25m21.3773s,1
18h40m51.6851s,-5d26m08.2385s,0
18h40m14.0809s,-5d21m18.7362s,0
18h39m56.8588s,-5d19m05.9848s,1
18h40m37.9847s,-5d24m22.4222s,1
18h40m31.0947s,-5d23m29.1559s,2
18h40m39.4209s,-5d24m33.1924s,2
18h40m06.677s,-5d20m21.188s,1
18h39m55.8996s,-5d18m57.9452s,1
18h40m44.4526s,-5d25m11.2973s,2
18h40m49.4056s,-5d25m49.0343s,0
18h40m10.0637s,-5d20m45.9816s,1
18h40m30.547s,-5d23m23.5734s,2
18h40m09.5005s,-5d20m41.6141s,1
18h40m08.7018s,-5d20m35.3339s,2
18h40m25.4973s,-5d22m44.5256s,2
18h40m41.6431s,-5d24m48.398s,1
18h40m20.5384s,-5d22m05.9351s,1
18h40m29.2186s,-5d23m12.4001s,1
18h40m44.2994s,-5d25m08.3964s,1
18h40m15.6437s,-5d21m27.8676s,1
18h40m39.7344s,-5d24m32.8612s,1
18h40m27.0383s,-5d22m54.97s,1
18h40m39.4573s,-5d24m30.4222s,1
18h40m14.84s,-5d21m20.6042s,1
18h40m08.5014s,-5d20m31.1788s,1
18h40m39.3714s,-5d24m28.5487s,1
18h40m47.7815s,-5d25m32.9473s,2
18h40m17.6694s,-5d21m41.0353s,2
18h40m15.193s,-5d21m21.7858s,1
18h39m58.3211s,-5d19m11.78s,1
18h40m14.7774s,-5d21m18.2477s,1
18h40m29.0838s,-5d23m07.9966s,0
18h40m51.7169s,-5d26m01.9338s,2
18h40m09.0676s,-5d20m33.6012s,0
18h40m50.719s,-5d25m53.746s,2
18h39m58.1962s,-5d19m09.4184s,0
18h40m07.4918s,-5d20m20.8586s,2
18h40m49.7947s,-5d25m45.8828s,0
18h40m00.5185s,-5d19m26.675s,0
18h40m10.4273s,-5d20m42.765s,2
18h40m43.0567s,-5d24m53.0302s,2
18h40m36.7014s,-5d24m04.0212s,2
18h40m51.3002s,-5d25m55.9578s,1
18h40m36.8108s,-5d24m03.5726s,2
18h40m27.4934s,-5d22m51.5964s,1
18h40m47.5192s,-5d25m25.3672s,0
18h40m27.0108s,-5d22m47.5378s,0
18h40m10.1444s,-5d20m37.2361s,2
18h40m27.3556s,-5d22m49.3928s,2
18h39m59.2696s,-5d19m13.0228s,1
18h40m39.0433s,-5d24m19.0285s,2
18h40m07.5237s,-5d20m16.0858s,1
18h40m43.0813s,-5d24m49.3801s,2
18h40m20.6317s,-5d21m56.6341s,1
18h39m59.4478s,-5d19m13.552s,0
18h40m36.1181s,-5d23m54.7591s,1
18h40m15.4828s,-5d21m15.6467s,1
18h40m10.956s,-5d20m40.6406s,1
18h40m08.3857s,-5d20m20.485s,2
18h40m13.029s,-5d20m56.0465s,2
18h40m39.4593s,-5d24m18.612s,2
18h40m06.0827s,-5d20m01.5083s,0
18h39m58.5672s,-5d19m03.5648s,2
18h40m10.0025s,-5d20m31.34s,1
18h39m55.4624s,-5d18m39.3865s,1
18h39m57.7095s,-5d18m56.6802s,2
18h40m12.9823s,-5d20m53.0304s,2
18h40m32.8796s,-5d23m25.4886s,0
18h40m01.403s,-5d19m22.8475s,1
18h40m45.5316s,-5d25m02.2361s,0
18h40m27.6345s,-5d22m44.0407s,0
18h40m32.5513s,-5d23m21.665s,2
18h40m27.8339s,-5d22m44.5156s,2
18h40m51.8259s,-5d25m48.9432s,1
18h40m18.393s,-5d21m31.5353s,2
18h40m10.9665s,-5d20m34.1452s,1
18h40m16.8974s,-5d21m19.6308s,1
18h40m44.1752s,-5d24m49.2908s,0
18h40m35.5461s,-5d23m42.9094s,2
18h40m37.0111s,-5d23m54.0528s,2
18h40m40.6277s,-5d24m21.8372s,1
18h40m19.791s,-5d21m41.382s,0
18h40m46.9878s,-5d25m10.0038s,2
18h40m31.0689s,-5d23m07.3216s,2
18h40m48.541s,-5d25m21.6228s,2
18h40m12.5353s,-5d20m44.5268s,2
18h39m57.4974s,-5d18m48.717s,2
18h40m14.5414s,-5d20m59.8902s,0
18h40m17.3994s,-5d21m21.7451s,2
18h40m00.6199s,-5d19m12.5364s,1
18h40m29.901s,-5d22m57.4115s,0
18h40m27.6778s,-5d22m40.1131s,2
18h40m35.1396s,-5d23m37.1317s,1
18h40m08.7868s,-5d20m14.3012s,0
18h40m15.5s,-5d21m05.8813s,2
18h40m15.2133s,-5d21m03.3512s,2
18h39m56.1006s,-5d18m35.9348s,1
18h40m32.8785s,-5d23m18.4938s,2
18h39m56.036s,-5d18m34.2972s,0
18h40m39.1731s,-5d24m06.1726s,2
18h40m34.8217s,-5d23m32.636s,0
18h40m31.617s,-5d23m07.6787s,1
18h40m17.7977s,-5d21m20.8256s,1
18h40m34.0503s,-5d23m25.1808s,0
18h40m42.8115s,-5d24m32.1055s,0
18h40m28.2928s,-5d22m40.1315s,1
18h40m37.2259s,-5d23m48.6172s,0
18h40m46.2522s,-5d24m57.8405s,2
18h40m25.9326s,-5d22m21.4928s,1
18h40m37.6099s,-5d23m51.2542s,1
18h40m25.681s,-5d22m19.3879s,0
18h40m28.6529s,-5d22m42.1622s,0
18h40m14.6957s,-5d20m54.1561s,0
18h40m16.4977s,-5d21m07.9855s,0
18h39m57.0935s,-5d18m37.6394s,1
18h40m06.4972s,-5d19m49.8166s,2
18h40m08.4393s,-5d20m04.7317s,1
18h40m22.2052s,-5d21m50.2301s,1
18h40m26.5542s,-5d22m23.6104s,2
18h40m47.2316s,-5d25m02.5435s,0
18h40m24.3404s,-5d22m06.3962s,0
18h40m35.5836s,-5d23m32.8135s,1
18h40m18.3435s,-5d21m20.0779s,0
18h40m24.6088s,-5d22m08.233s,1
18h40m52.6053s,-5d25m43.3135s,1
18h40m47.6944s,-5d25m04.8047s,0
18h40m35.342s,-5d23m29.7319s,0
18h40m03.2202s,-5d19m22.5052s,0
18h40m01.615s,-5d19m09.9523s,0
18h40m11.1078s,-5d20m22.9596s,0
18h40m39.0646s,-5d23m58.0416s,2
18h40m23.772s,-5d21m59.6387s,0
18h40m04.059s,-5d19m27.8918s,2
18h40m08.2656s,-5d20m00.0895s,1
18h40m48.3055s,-5d25m08.0641s,1
18h40m38.9355s,-5d23m55.8136s,0
18h40m25.4895s,-5d22m12.3478s,2
18h40m49.8132s,-5d25m19.0153s,0
18h40m04.4339s,-5d19m29.6242s,0
18h39m56.398s,-5d18m27.7542s,1
18h40m32.3773s,-5d23m04.2029s,1
18h40m47.2766s,-5d24m58.6303s,0
18h40m14.0622s,-5d20m42.9558s,2
18h40m42.9941s,-5d24m24.7036s,1
18h40m00.5607s,-5d18m58.0932s,1
18h40m21.4567s,-5d21m38.4779s,1
18h40m41.0011s,-5d24m08.6242s,2
18h40m25.2281s,-5d22m06.9352s,2
18h40m35.359s,-5d23m24.7405s,2
18h40m39.2352s,-5d23m54.2594s,1
18h40m16.9788s,-5d21m02.9556s,1
18h40m40.8724s,-5d24m06.3176s,1
18h40m10.0559s,-5d20m08.4638s,2
18h39m58.2293s,-5d18m36.3442s,2
18h40m10.2531s,-5d20m08.7572s,2
18h40m40.8002s,-5d24m03.627s,1
18h40m41.4988s,-5d24m08.9219s,1
18h40m17.6524s,-5d21m04.4233s,1
18h40m44.0533s,-5d24m27.5126s,0
18h40m22.0101s,-5d21m37.6038s,0
18h40m32.5296s,-5d22m58.5289s,2
18h40m21.4937s,-5d21m33.3418s,2
18h40m26.2374s,-5d22m09.8044s,1
18h40m18.1632s,-5d21m06.7327s,2
18h40m31.8583s,-5d22m51.7757s,2
18h39m59.6989s,-5d18m44.2188s,1
18h40m47.8664s,-5d24m54.779s,1
18h39m57.986s,-5d18m30.6821s,2
18h40m44.5808s,-5d24m28.8634s,0
18h40m00.2114s,-5d18m47.4034s,1
18h40m39.553s,-5d23m49.9718s,0
18h40m37.6355s,-5d23m35.209s,2
18h40m10.6879s,-5d20m07.6956s,2
18h39m57.3629s,-5d18m24.9865s,1
18h40m46.4417s,-5d24m42.4303s,0
18h40m34.8268s,-5d23m12.8501s,2
18h39m59.5982s,-5d18m41.7521s,0
18h39m56.9403s,-5d18m21.2756s,2
18h40m37.7762s,-5d23m35.4307s,2
18h40m33.6647s,-5d23m03.1466s,0
18h40m46.1403s,-5d24m37.9537s,2
18h40m32.8866s,-5d22m55.9034s,0
18h40m09.1754s,-5d19m53.2294s,0
18h40m38.2612s,-5d23m36.7321s,1
18h40m29.8801s,-5d22m31.9242s,2
18h40m21.3392s,-5d21m26.0924s,1
18h40m33.4155s,-5d22m58.4267s,0
18h40m05.9627s,-5d19m26.589s,2
18h40m37.0097s,-5d23m25.2319s,2
18h40m18.1735s,-5d21m00.3107s,0
18h40m10.1234s,-5d19m58.2366s,0
18h40m47.733s,-5d24m47.2763s,2
18h40m51.5778s,-5d25m15.1378s,0
18h40m11.5947s,-5d20m07.4882s,1
18h39m56.1308s,-5d18m08.3272s,2
18h40m44.5595s,-5d24m20.7425s,0
18h40m46.8643s,-5d24m37.0566s,1
18h40m03.1137s,-5d19m00.0545s,1
18h40m04.5362s,-5d19m10.9909s,0
18h40m06.1817s,-5d19m23.038s,0
18h40m47.3167s,-5d24m39.1907s,1
18h40m48.2775s,-5d24m46.5322s,2
18h40m31.9588s,-5d22m40.8461s,0
18h40m17.3653s,-5d20m48.1902s,2
18h40m41.6618s,-5d23m55.014s,0
18h40m27.898s,-5d22m09.1078s,0
18h40m47.4259s,-5d24m39.0337s,0
18h40m41.5439s,-5d23m53.552s,0
18h40m24.4486s,-5d21m41.6092s,1
18h40m33.7085s,-5d22m52.5407s,2
18h40m29.075s,-5d22m16.442s,2
18h40m02.2736s,-5d18m50.094s,2
18h40m38.541s,-5d23m28.2206s,0
18h40m05.0796s,-5d19m10.6622s,1
18h40m49.7595s,-5d24m53.9438s,2
18h40m34.1902s,-5d22m53.8799s,0
18h40m30.0356s,-5d22m21.3308s,0
18h40m22.2278s,-5d21m21.101s,0
18h40m20.7777s,-5d21m09.8712s,2
18h39m59.3437s,-5d18m24.1938s,1
18h40m18.6288s,-5d20m52.5779s,2
18h40m29.5133s,-5d22m15.703s,2
18h40m26.5903s,-5d21m53.1878s,2
18h39m59.9565s,-5d18m27.8276s,0
18h40m06.1677s,-5d19m14.0819s,1
18h40m39.1458s,-5d23m27.8135s,1
18h40m05.3579s,-5d19m07.1299s,1
18h40m19.4478s,-5d20m55.4827s,2
18h40m10.8638s,-5d19m49.1434s,0
18h39m58.3694s,-5d18m12.1392s,2
18h40m08.9173s,-5d19m32.9927s,2
18h40m48.7925s,-5d24m39.6817s,0
18h40m52.4506s,-5d25m06.3462s,1
18h40m34.5686s,-5d22m48.4403s,0
18h40m13.081s,-5d20m02.44s,1
18h40m25.774s,-5d21m39.7966s,2
18h40m09.5522s,-5d19m34.9374s,0
18h40m17.2854s,-5d20m34.346s,1
18h39m56.6898s,-5d17m55.2156s,0
18h40m39.2313s,-5d23m22.5283s,0
18h40m01.081s,-5d18m28.8068s,1
18h39m58.6996s,-5d18m10.4134s,1
18h40m15.299s,-5d20m17.3476s,2
18h40m00.9039s,-5d18m26.3632s,0
18h39m58.4763s,-5d18m07.6093s,1
18h40m17.6211s,-5d20m34.8166s,1
18h40m48.1273s,-5d24m29.3641s,1
18h39m58.3595s,-5d18m06.3979s,0
18h40m03.0236s,-5d18m42.273s,1
18h40m10.0385s,-5d19m35.9623s,0
18h40m33.1048s,-5d22m33.2522s,1
18h40m09.5289s,-5d19m31.5296s,1
18h40m41.581s,-5d23m38.0404s,0
18h40m25.038s,-5d21m30.4441s,2
18h40m34.5163s,-5d22m42.4171s,0
18h40m51.1145s,-5d24m49.7578s,2
18h40m17.3391s,-5d20m29.6902s,2
18h40m13.6905s,-5d20m01.2592s,1
18h40m45.1506s,-5d24m03.0251s,0
18h40m30.9365s,-5d22m13.5228s,2
18h40m12.2552s,-5d19m49.3781s,0
18h40m45.6728s,-5d24m06.2662s,2
18h40m12.5791s,-5d19m51.3091s,0
18h40m48.8646s,-5d24m30.227s,2
18h40m09.4543s,-5d19m26.6556s,1
18h40m45.6162s,-5d24m04.8564s,1
18h40m46.1187s,-5d24m08.6108s,0
18h40m52.9011s,-5d24m59.7193s,2
18h40m44.7592s,-5d23m56.7521s,2
18h40m42.2481s,-5d23m36.9287s,2
18h40m23.8536s,-5d21m15.1502s,1
18h40m45.5357s,-5d24m01.7932s,2
18h39m59.2931s,-5d18m05.7899s,0
18h40m27.6695s,-5d21m43.8998s,2
18h40m17.466s,-5d20m25.3586s,0
18h40m35.9484s,-5d22m47.4996s,2
18h40m29.9675s,-5d22m01.4322s,2
18h40m03.4432s,-5d18m37.2438s,0
18h40m07.3789s,-5d19m06.6295s,0
18h40m45.202s,-5d23m56.8284s,0
18h40m43.7597s,-5d23m49.5874s,1
18h40m32.56s,-5d22m18.6128s,2
18h40m31.7141s,-5d22m11.064s,0
18h40m12.2374s,-5d19m40.9033s,2
18h40m40.0301s,-5d23m14.581s,0
18h40m46.531s,-5d24m04.3117s,1
18h40m40.7067s,-5d23m19.5007s,2
18h40m22.276s,-5d20m57.592s,1
18h40m01.1226s,-5d18m14.7686s,2
18h40m33.3659s,-5d22m22.8421s,0
18h40m40.8615s,-5d23m19.9414s,0
18h40m27.3912s,-5d21m35.865s,0
18h40m19.3981s,-5d20m34.1084s,1
18h40m09.9795s,-5d19m21.338s,0
18h40m17.3429s,-5d20m17.4559s,0
18h40m00.4425s,-5d18m05.6981s,0
18h40m11.7106s,-5d19m32.3494s,1
18h40m53.1291s,-5d24m50.7546s,1
18h40m04.3135s,-5d18m34.645s,2
18h40m33.1018s,-5d22m15.6396s,2
18h40m19.0985s,-5d20m27.1248s,0
18h40m01.8605s,-5d18m14.2668s,0
18h40m40.0281s,-5d23m07.6196s,0
18h40m31.4977s,-5d22m01.6777s,0
18h40m16.466s,-5d20m06.0151s,0
18h40m02.5917s,-5d18m19.0937s,1
18h40m09.2617s,-5d19m10.3051s,1
18h40m11.5891s,-5d19m27.6539s,0
18h40m27.0973s,-5d21m26.743s,2
18h40m50.0718s,-5d24m23.1311s,1
18h40m19.4699s,-5d20m27.6414s,1
18h40m22.2598s,-5d20m49.0427s,0
18h40m52.3862s,-5d24m40.455s,1
18h40m06.1051s,-5d18m44.1083s,2
18h40m44.8193s,-5d23m41.2346s,2
18h40m00.0334s,-5d17m55.8784s,2
18h40m01.4823s,-5d18m06.917s,1
18h40m35.3249s,-5d22m26.8273s,1
18h40m46.7148s,-5d23m52.9897s,0
18h40m18.7869s,-5d20m18.0233s,2
18h40m34.1925s,-5d22m16.5029s,1
18h40m02.1713s,-5d18m09.8467s,2
18h40m16.3321s,-5d19m58.5419s,1
18h40m11.1246s,-5d19m18.431s,1
18h40m48.463s,-5d24m05.5559s,1
18h40m22.4544s,-5d20m45.3808s,1
18h40m14.4605s,-5d19m43.3538s,1
18h40m32.378s,-5d22m00.5441s,0
18h40m32.9431s,-5d22m03.3053s,2
18h40m25.0805s,-5d21m02.5877s,0
18h40m07.0646s,-5d18m43.74s,2
18h40m19.0735s,-5d20m17.0261s,1
18h40m53.6265s,-5d24m41.3219s,1
18h40m52.3068s,-5d24m30.5658s,2
18h40m50.1392s,-5d24m13.8708s,1
18h40m51.5728s,-5d24m24.4368s,1
18h39m59.1161s,-5d17m40.6439s,2
18h40m23.1275s,-5d20m45.2854s,1
18h40m52.1503s,-5d24m28.1844s,1
18h40m44.8115s,-5d23m31.6007s,0
18h40m33.7165s,-5d22m05.5884s,1
18h40m09.2126s,-5d18m57.0341s,0
18h40m22.9417s,-5d20m42.6602s,2
18h40m07.3746s,-5d18m42.4757s,2
18h40m33.3126s,-5d22m02.0251s,2
18h40m14.7477s,-5d19m39.1678s,2
18h40m32.3034s,-5d21m53.8236s,1
18h40m28.8588s,-5d21m27.1174s,1
18h40m01.2462s,-5d17m54.1741s,1
18h40m41.2157s,-5d23m01.3344s,2
18h40m46.5071s,-5d23m41.3635s,2
18h40m53.7242s,-5d24m36.4547s,2
18h40m46.2888s,-5d23m38.6189s,0
18h40m21.1824s,-5d20m23.8157s,1
18h40m09.0837s,-5d18m49.8859s,2
18h40m38.7669s,-5d22m38.2638s,0
18h40m06.6108s,-5d18m30.7199s,2
18h40m12.6676s,-5d19m16.7455s,1
18h40m33.021s,-5d21m53.1101s,2
18h40m04.1965s,-5d18m11.2367s,0
18h40m16.7843s,-5d19m47.9845s,1
18h40m49.3866s,-5d23m58.0938s,1
18h40m05.5339s,-5d18m20.3206s,0
18h40m07.7085s,-5d18m36.7348s,0
18h40m51.419s,-5d24m12.7534s,1
18h40m23.5771s,-5d20m38.3377s,2
18h40m13.6589s,-5d19m21.6685s,1
18h40m19.026s,-5d20m02.2434s,1
18h40m32.2355s,-5d21m43.1478s,0
18h40m39.6302s,-5d22m39.9061s,2
18h40m02.1811s,-5d17m51.5936s,1
18h40m46.5856s,-5d23m33.2293s,2
18h40m05.4087s,-5d18m16.1968s,0
18h40m20.7254s,-5d20m14.0291s,2
18h40m47.2701s,-5d23m37.5173s,2
18h40m07.7821s,-5d18m33.4321s,1
18h40m09.1267s,-5d18m42.8306s,1
18h40m33.7277s,-5d21m51.7669s,0
18h40m12.5111s,-5d19m07.8334s,0
18h40m02.3283s,-5d17m49.164s,1
18h40m15.2879s,-5d19m27.8051s,1
18h40m08.6123s,-5d18m36.2966s,0
18h40m45.5003s,-5d23m20.004s,2
18h40m45.2556s,-5d23m17.7479s,0
18h40m53.5954s,-5d24m21.3707s,0
18h40m05.0416s,-5d18m07.3526s,2
18h40m55.0665s,-5d24m32.2189s,1
18h40m42.7386s,-5d22m57.3211s,1
18h40m45.895s,-5d23m21.5797s,1
18h40m10.6888s,-5d18m50.1988s,2
18h40m09.4281s,-5d18m40.3146s,2
18h40m44.6417s,-5d23m10.8143s,2
18h40m05.8247s,-5d18m12.1248s,1
18h40m30.3723s,-5d21m21.0262s,0
18h40m32.45s,-5d21m35.9647s,2
18h40m08.4291s,-5d18m30.9935s,2
18h40m18.2857s,-5d19m46.6442s,0
18h40m24.6223s,-5d20m35.3105s,2
18h40m06.3981s,-5d18m14.9666s,2
18h40m19.1394s,-5d19m53.0105s,1
18h40m09.8949s,-5d18m41.292s,0
18h40m19.4841s,-5d19m54.9685s,2
18h39m58.1476s,-5d17m10.3855s,1
18h40m46.8276s,-5d23m24.8392s,1
18h40m46.0016s,-5d23m17.2712s,0
18h40m37.0033s,-5d22m08.0252s,1
18h40m07.7277s,-5d18m22.6721s,0
18h40m49.5596s,-5d23m44.1064s,0
18h40m01.5276s,-5d17m33.7182s,1
18h40m33.1077s,-5d21m36.5414s,1
18h40m31.592s,-5d21m24.484s,1
18h40m30.1972s,-5d21m13.7488s,2
18h39m59.0397s,-5d17m13.6907s,1
18h40m20.6144s,-5d19m59.4617s,1
18h40m32.0896s,-5d21m27.6296s,2
18h40m06.6604s,-5d18m11.8832s,0
18h40m21.0554s,-5d20m02.0818s,0
18h39m58.9413s,-5d17m11.5649s,2
18h40m11.7182s,-5d18m49.9025s,2
18h40m53.4701s,-5d24m11.0945s,2
18h40m00.9369s,-5d17m25.3932s,1
18h40m12.3839s,-5d18m53.4064s,2
18h40m15.8774s,-5d19m19.9445s,1
18h40m03.3841s,-5d17m43.7168s,0
18h40m24.1782s,-5d20m23.9651s,1
18h40m25.9888s,-5d20m37.2876s,0
18h40m14.0039s,-5d19m04.4656s,1
18h40m36.3718s,-5d21m56.1791s,0
18h40m21.6496s,-5d20m02.7262s,1
18h40m10.9268s,-5d18m38.8566s,2
18h40m12.0435s,-5d18m47.4073s,1
18h40m06.5594s,-5d18m05.1869s,2
18h40m13.0537s,-5d18m54.8424s,0
18h40m10.6971s,-5d18m36.0389s,2
18h40m31.8748s,-5d21m18.9112s,0
18h40m04.6411s,-5d17m49.1834s,1
18h40m26.2021s,-5d20m35.0956s,0
18h40m45.5244s,-5d23m03.1852s,2
18h39m59.1952s,-5d17m06.6926s,2
18h40m35.4043s,-5d21m45.1595s,0
18h40m50.5404s,-5d23m41.2649s,2
18h40m50.27s,-5d23m37.0612s,1
18h40m40.1909s,-5d22m19.2612s,0
18h40m55.371s,-5d24m15.6096s,1
18h40m20.8866s,-5d19m50.2568s,1
18h40m09.1184s,-5d18m19.3003s,1
18h40m04.0095s,-5d17m39.9811s,1
18h40m18.2404s,-5d19m29.4006s,2
18h40m32.3544s,-5d21m17.7822s,2
18h40m32.8365s,-5d21m21.4754s,1
18h40m07.7706s,-5d18m08.4215s,2
18h40m35.2563s,-5d21m39.92s,1
18h40m53.6822s,-5d24m00.8946s,2
18h40m28.8298s,-5d20m49.6608s,1
18h40m47.3775s,-5d23m12.2932s,2
18h40m05.5178s,-5d17m50.0651s,1
18h40m18.2536s,-5d19m27.098s,1
18h40m06.0248s,-5d17m52.9706s,1
18h40m03.4546s,-5d17m32.6418s,1
18h40m32.5545s,-5d21m15.9077s,2
18h40m15.9222s,-5d19m07.7372s,0
18h40m01.9575s,-5d17m20.1059s,2
18h40m09.7425s,-5d18m20.1287s,2
18h40m46.5541s,-5d23m03.0642s,0
18h40m02.62s,-5d17m24.3845s,1
18h40m47.8557s,-5d23m11.9915s,0
18h40m10.732s,-5d18m26.3657s,2
18h40m36.8368s,-5d21m46.6834s,2
18h40m55.3183s,-5d24m08.7649s,1
18h40m34.7768s,-5d21m30.4952s,0
18h40m24.0546s,-5d20m07.8936s,0
18h40m15.7373s,-5d19m03.4493s,2
18h40m54.1512s,-5d23m58.7965s,0
18h40m01.4854s,-5d17m13.0718s,2
18h40m35.3492s,-5d21m33.6215s,1
18h40m17.4491s,-5d19m15.7076s,0
18h40m18.7661s,-5d19m25.5277s,1
18h40m45.1989s,-5d22m48.778s,1
18h40m49.1864s,-5d23m19.334s,1
18h40m20.3494s,-5d19m37.4228s,1
18h40m08.1254s,-5d18m02.8454s,2
18h40m02.6504s,-5d17m19.4194s,0
18h40m48.1667s,-5d23m09.5629s,0
18h40m19.994s,-5d19m32.4908s,1
18h40m00.1814s,-5d16m59.875s,0
18h40m24.2185s,-5d20m04.4808s,1
18h40m09.8653s,-5d18m13.8787s,0
18h40m23.8427s,-5d20m01.3189s,1
18h40m13.1211s,-5d18m38.61s,1
18h40m47.1282s,-5d22m59.9657s,2
18h40m21.7817s,-5d19m44.7888s,0
18h40m22.5954s,-5d19m51.0064s,2
18h40m26.364s,-5d20m19.7088s,2
18h40m00.2794s,-5d16m58.7258s,0
18h40m51.2704s,-5d23m30.5333s,2
18h40m36.0269s,-5d21m33.246s,1
18h40m24.8475s,-5d20m07.1826s,1
18h40m26.1887s,-5d20m17.4599s,0
18h40m50.2651s,-5d23m22.636s,1
18h40m16.9783s,-5d19m06.1925s,0
18h40m35.8949s,-5d21m30.3044s,2
18h40m53.9359s,-5d23m49.0315s,1
18h40m33.3987s,-5d21m10.3536s,2
18h40m45.5904s,-5d22m44.1343s,1
18h40m48.4475s,-5d23m04.7825s,1
18h40m47.8829s,-5d23m00.1572s,0
18h40m18.6243s,-5d19m14.5794s,0
18h40m55.1074s,-5d23m54.5125s,0
18h40m45.1338s,-5d22m37.7432s,0
18h40m21.6676s,-5d19m36.871s,2
18h40m09.8236s,-5d18m05.6891s,0
18h40m11.563s,-5d18m19.0166s,2
18h40m04.6237s,-5d17m25.4317s,1
18h40m33.9397s,-5d21m10.985s,2
18h40m07.6188s,-5d17m48.336s,1
18h40m03.5417s,-5d17m16.6924s,1
18h40m22.689s,-5d19m44.054s,2
18h40m46.7451s,-5d22m47.4078s,0
18h39m59.579s,-5d16m44.4619s,2
18h40m45.8498s,-5d22m40.4141s,2
18h40m24.571s,-5d19m56.3822s,1
18h40m20.1276s,-5d19m21.9724s,1
18h40m13.9022s,-5d18m33.0437s,0
18h40m32.9653s,-5d20m58.9171s,0
18h40m16.1286s,-5d18m49.0028s,0
18h40m42.9077s,-5d22m14.8019s,1
18h40m28.4793s,-5d20m23.7592s,0
18h40m20.8202s,-5d19m24.4664s,2
18h40m56.0455s,-5d23m54.4718s,2
18h40m37.5654s,-5d21m32.0422s,0
18h40m01.4315s,-5d16m53.6729s,0
18h40m10.798s,-5d18m05.602s,2
18h40m25.0462s,-5d19m54.939s,0
18h40m03.036s,-5d17m05.465s,1
18h40m51.2014s,-5d23m15.7402s,1
18h40m25.1859s,-5d19m55.3278s,2
18h40m14.7711s,-5d18m34.4545s,1
18h40m01.9542s,-5d16m55.3757s,1
18h40m22.801s,-5d19m35.4853s,1
18h40m21.5522s,-5d19m25.6472s,1
18h40m24.2948s,-5d19m45.5956s,0
18h40m37.1961s,-5d21m24.5081s,1
18h40m01.3722s,-5d16m48.7888s,2
18h40m29.5128s,-5d20m24.9796s,0
18h40m17.1351s,-5d18m49.6681s,2
18h40m49.2223s,-5d22m56.2793s,1
18h40m11.9718s,-5d18m09.5893s,0
18h40m04.299s,-5d17m10.4726s,0
18h40m43.5851s,-5d22m12.3272s,0
18h40m39.5543s,-5d21m40.7668s,1
18h40m08.3382s,-5d17m40.2936s,2
18h40m27.15s,-5d20m04.9229s,0
18h40m51.9117s,-5d23m15.3341s,2
18h40m27.5598s,-5d20m07.8313s,2
18h40m34.3194s,-5d20m59.7181s,0
18h40m21.7476s,-5d19m22.7262s,1
18h40m13.2588s,-5d18m16.8552s,1
18h40m49.6918s,-5d22m57.095s,2
18h40m17.3747s,-5d18m48.2893s,0
18h40m14.4538s,-5d18m25.7828s,2
18h40m33.2887s,-5d20m50.2667s,2
18h40m53.819s,-5d23m27.6101s,1
18h40m45.8803s,-5d22m26.2621s,1
18h40m55.4468s,-5d23m39.7514s,1
18h40m24.766s,-5d19m43.0968s,0
18h40m43.144s,-5d22m03.931s,0
18h40m04.3127s,-5d17m05.0168s,0
18h40m52.3013s,-5d23m13.5474s,0
18h40m06.9861s,-5d17m24.8694s,1
18h40m07.9823s,-5d17m32.141s,2
18h40m26.5765s,-5d19m54.7302s,1
18h40m42.1539s,-5d21m54.3686s,2
18h40m25.7278s,-5d19m47.9676s,0
18h40m55.9527s,-5d23m40.4488s,0
18h40m36.5428s,-5d21m11.075s,1
18h40m25.6313s,-5d19m46.8566s,0
18h40m05.2581s,-5d17m10.0309s,1
18h40m38.7196s,-5d21m27.0763s,2
18h40m23.6075s,-5d19m30.7924s,0
18h40m48.8046s,-5d22m44.6167s,2
18h40m13.3451s,-5d18m11.4754s,1
18h40m25.3478s,-5d19m43.518s,1
18h40m56.0494s,-5d23m38.4929s,2
18h40m18.9416s,-5d18m52.866s,0
18h40m49.9551s,-5d22m51.2s,0
18h40m31.1316s,-5d20m26.0966s,1
18h40m28.4807s,-5d20m05.627s,1
18h40m20.0038s,-5d19m00.3281s,1
18h40m34.7313s,-5d20m53.318s,0
18h40m20.4125s,-5d19m02.7314s,2
18h40m21.4857s,-5d19m10.1284s,2
18h40m50.907s,-5d22m56.4488s,0
18h40m03.6981s,-5d16m52.5688s,2
18h40m53.8617s,-5d23m18.4927s,1
18h40m47.9961s,-5d22m33.2512s,2
18h40m22.864s,-5d19m19.2824s,1
18h40m27.8549s,-5d19m57.6739s,1
18h40m42.8117s,-5d21m52.5863s,0
18h40m12.8667s,-5d18m01.6056s,2
18h40m53.3591s,-5d23m12.9725s,2
18h40m20.3215s,-5d18m58.2962s,1
18h40m02.2579s,-5d16m38.635s,0
18h40m15.8611s,-5d18m22.9842s,0
18h40m18.7075s,-5d18m44.4611s,2
18h40m34.2285s,-5d20m43.7867s,0
18h40m18.9344s,-5d18m46.0948s,2
18h40m36.7374s,-5d21m02.9538s,1
18h40m32.5644s,-5d20m30.6326s,1
18h40m23.7512s,-5d19m22.71s,2
18h40m37.1694s,-5d21m04.9824s,0
18h40m17.7611s,-5d18m35.6238s,1
18h40m33.5894s,-5d20m37.1904s,2
18h40m35.6831s,-5d20m53.2648s,1
18h40m28.2519s,-5d19m55.9391s,2
18h40m13.8106s,-5d18m04.6282s,0
18h40m04.9721s,-5d16m56.554s,1
18h40m15.8359s,-5d18m19.6315s,1
18h40m16.5189s,-5d18m24.8278s,1
18h40m38.8224s,-5d21m16.4527s,0
18h40m47.7607s,-5d22m24.7548s,0
18h40m08.0281s,-5d17m19.0475s,1
18h40m16.0885s,-5d18m19.9926s,0
18h40m19.9108s,-5d18m49.2725s,0
18h40m06.2459s,-5d17m03.5621s,2
18h40m16.2205s,-5d18m19.7582s,2
18h40m53.3781s,-5d23m05.3848s,2
18h40m08.2577s,-5d17m18.2357s,1
18h40m12.7164s,-5d17m52.2665s,2
18h40m54.0835s,-5d23m10.3578s,0
18h40m17.731s,-5d18m30.4798s,1
18h40m11.6475s,-5d17m43.557s,1
18h40m43.7475s,-5d21m49.4971s,0
18h40m35.8805s,-5d20m48.5455s,2
18h40m32.6488s,-5d20m23.6022s,2
18h40m46.3497s,-5d22m08.8997s,2
18h40m49.5807s,-5d22m33.7192s,1
18h40m12.9329s,-5d17m51.1678s,1
18h40m42.9997s,-5d21m40.6246s,2
18h40m10.5664s,-5d17m30.6002s,2
18h40m36.0992s,-5d20m46.9068s,1
18h40m39.0532s,-5d21m09.4262s,0
18h40m30.7203s,-5d20m04.4038s,0
18h40m05.1154s,-5d16m47.0777s,1
18h40m37.1099s,-5d20m53.214s,2
18h40m26.4994s,-5d19m31.2733s,2
18h40m07.5794s,-5d17m05.384s,2
18h40m20.8647s,-5d18m46.5916s,0
18h40m06.0456s,-5d16m52.4294s,2
18h40m31.6522s,-5d20m09.2771s,0
18h40m15.9792s,-5d18m08.2436s,0
18h40m53.7588s,-5d22m58.2107s,2
18h40m53.5617s,-5d22m56.1558s,2
18h40m03.6426s,-5d16m31.7172s,0
18h40m10.4665s,-5d17m23.9532s,1
18h40m55.4546s,-5d23m08.9081s,0
18h40m50.3481s,-5d22m29.6119s,0
18h40m33.7083s,-5d20m21.3821s,2
18h40m50.5035s,-5d22m30.508s,0
18h40m55.2343s,-5d23m06.6455s,0
18h40m05.7433s,-5d16m45.6244s,1
18h40m55.5794s,-5d23m08.9246s,0
18h40m55.5769s,-5d23m08.8325s,0
18h40m39.1635s,-5d21m02.4829s,0
18h40m44.1063s,-5d21m40.3621s,1
18h40m47.4537s,-5d22m05.9315s,2
18h40m56.3937s,-5d23m13.9664s,0
18h40m37.2366s,-5d20m46.3711s,2
18h40m39.3735s,-5d21m02.0509s,0
18h40m25.3994s,-5d19m14.3897s,2
18h40m20.7495s,-5d18m38.322s,1
18h40m48.5864s,-5d22m12.2808s,0
18h40m16.2488s,-5d18m03.2069s,1
18h40m11.1954s,-5d17m24.247s,2
18h40m50.2346s,-5d22m24.2051s,0
18h40m04.8415s,-5d16m34.8013s,0
18h40m03.5062s,-5d16m23.5301s,1
18h40m43.6109s,-5d21m32.1019s,1
18h40m26.514s,-5d19m19.9999s,0
18h40m15.1019s,-5d17m51.8892s,2
18h40m09.1907s,-5d17m06.3733s,2
18h40m36.0266s,-5d20m32.8535s,0
18h40m25.1977s,-5d19m09.2208s,2
18h40m18.7617s,-5d18m18.9972s,0
18h40m09.5208s,-5d17m07.7752s,2
18h40m48.621s,-5d22m08.0094s,1
18h40m43.124s,-5d21m25.7191s,1
18h40m22.5382s,-5d18m46.975s,2
18h40m01.4982s,-5d16m04.3842s,1
18h40m35.3708s,-5d20m24.7099s,0
18h40m09.8038s,-5d17m06.7254s,1
18h40m17.0193s,-5d18m01.5926s,0
18h40m49.8993s,-5d22m13.6398s,0
18h40m39.225s,-5d20m51.4316s,2
18h40m40.4575s,-5d21m00.8089s,1
18h40m35.8473s,-5d20m25.1052s,1
18h40m48.7664s,-5d22m04.0822s,2
18h40m29.8832s,-5d19m38.7851s,0
18h40m21.1399s,-5d18m31.459s,2
18h40m12.4164s,-5d17m24.3053s,2
18h40m20.755s,-5d18m28.4594s,1
18h40m03.4354s,-5d16m14.2972s,0
18h40m49.1436s,-5d22m05.8685s,0
18h40m52.1968s,-5d22m28.9326s,0
18h40m46.9213s,-5d21m48.2s,2
18h40m11.9095s,-5d17m18.2267s,2
18h40m34.3074s,-5d20m10.5497s,2
18h40m03.1961s,-5d16m10.7713s,2
18h40m14.4457s,-5d17m36.8495s,0
18h40m48.4742s,-5d21m58.631s,1
18h40m46.6039s,-5d21m44.1522s,0
18h40m39.5567s,-5d20m49.7083s,0
18h40m17.3318s,-5d17m58.3768s,0
18h40m15.4292s,-5d17m43.6589s,0
18h40m07.4502s,-5d16m41.9128s,2
18h40m12.865s,-5d17m23.5738s,0
18h40m41.5177s,-5d21m03.6392s,0
18h40m08.5548s,-5d16m49.9822s,1
18h40m16.7084s,-5d17m52.1776s,0
18h40m38.0594s,-5d20m36.4474s,1
18h40m37.0985s,-5d20m28.0597s,0
18h40m56.4515s,-5d22m56.1587s,0
18h40m33.6192s,-5d19m58.6618s,2
18h40m48.4822s,-5d21m52.7645s,1
18h40m27.4103s,-5d19m10.214s,0
18h40m17.07s,-5d17m49.4668s,2
18h40m02.6745s,-5d15m58.2332s,1
18h40m51.4429s,-5d22m12.8528s,0
18h40m06.4299s,-5d16m26.432s,2
18h40m26.393s,-5d19m00.053s,0
18h40m42.6163s,-5d21m04.0673s,1
18h40m37.8584s,-5d20m27.0838s,1
18h40m30.5371s,-5d19m30.7146s,2
18h40m14.4419s,-5d17m25.4962s,0
18h40m32.1201s,-5d19m41.1334s,1
18h40m05.5433s,-5d16m16.5641s,0
18h40m17.7172s,-5d17m50.0906s,1
18h40m51.0824s,-5d22m06.5986s,2
18h40m34.4982s,-5d19m58.6092s,0
18h40m19.094s,-5d17m59.7181s,2
18h40m19.8749s,-5d18m05.647s,2
18h40m45.7665s,-5d21m24.5239s,1
18h40m44.4549s,-5d21m14.2729s,2
18h40m06.9474s,-5d16m25.3078s,2
18h40m44.9727s,-5d21m17.6119s,0
18h40m25.6782s,-5d18m48.866s,0
18h40m19.5716s,-5d18m01.327s,2
18h40m46.6783s,-5d21m29.0434s,1
18h40m01.3531s,-5d15m39.8632s,0
18h40m49.8933s,-5d21m52.7404s,2
18h40m28.1802s,-5d19m04.2672s,0
18h40m58.3413s,-5d22m55.7767s,1
18h40m01.8108s,-5d15m40.6836s,1
18h40m09.1181s,-5d16m36.2395s,0
18h40m06.847s,-5d16m18.3583s,0
18h40m41.2576s,-5d20m42.0256s,2
18h40m37.8164s,-5d20m14.9978s,0
18h40m37.5288s,-5d20m12.3716s,2
18h40m13.7708s,-5d17m09.2335s,2
18h40m42.9297s,-5d20m53.335s,0
18h40m06.1506s,-5d16m09.1304s,1
18h40m44.4502s,-5d21m03.2353s,2
18h40m48.1329s,-5d21m31.4064s,2
18h40m31.6094s,-5d19m23.371s,0
18h40m51.3163s,-5d21m54.6944s,0
18h40m51.6108s,-5d21m56.1485s,1
18h40m02.8333s,-5d15m40.6789s,0
18h40m13.0285s,-5d16m59.1366s,2
18h40m55.8955s,-5d22m28.8451s,0
18h40m14.8856s,-5d17m12.7226s,2
18h40m35.8191s,-5d19m53.5109s,0
18h40m28.9926s,-5d19m00.8771s,0
18h40m51.1472s,-5d21m50.2751s,0
18h40m13.4162s,-5d16m58.985s,0
18h40m58.6807s,-5d22m47.0795s,1
18h40m53.5122s,-5d22m07.244s,2
18h40m23.4957s,-5d18m16.1021s,1
18h40m37.6644s,-5d20m04.5924s,0
18h40m19.9116s,-5d17m47.5159s,1
18h40m06.6665s,-5d16m05.2691s,0
18h40m39.0004s,-5d20m14.0348s,2
18h40m19.7987s,-5d17m46.2149s,2
18h40m12.5502s,-5d16m49.7564s,1
18h40m38.9514s,-5d20m11.9864s,1
18h40m39.0796s,-5d20m12.7036s,2
18h40m03.5009s,-5d15m38.3443s,0
18h40m09.6771s,-5d16m25.7207s,0
18h40m35.5215s,-5d19m43.4327s,2
18h40m16.7768s,-5d17m18.4042s,1
18h40m13.2837s,-5d16m51.0391s,0
18h40m52.132s,-5d21m49.5234s,0
18h40m41.9998s,-5d20m31.3548s,2
18h40m44.2377s,-5d20m47.1242s,1
18h40m39.0619s,-5d20m07.2593s,0
18h40m24.1468s,-5d18m12.218s,1
18h40m45.5309s,-5d20m55.0655s,1
18h40m14.0958s,-5d16m52.9028s,1
18h40m33.1577s,-5d19m19.5337s,0
18h40m03.716s,-5d15m32.8856s,1
18h40m19.7153s,-5d17m35.7616s,0
18h40m48.4851s,-5d21m16.8325s,2
18h40m27.4863s,-5d18m35.0024s,0
18h40m15.2064s,-5d17m00.2148s,0
18h40m14.2129s,-5d16m52.4615s,2
18h40m50.7449s,-5d21m33.2345s,0
18h40m30.1077s,-5d18m51.8155s,0
18h40m21.1851s,-5d17m42.797s,2
18h40m20.7214s,-5d17m39.16s,2
18h40m22.6809s,-5d17m53.8174s,0
18h40m20.5154s,-5d17m36.6943s,0
18h40m57.6021s,-5d22m21.212s,0
18h40m19.9912s,-5d17m32.4143s,2
18h40m23.6455s,-5d17m59.316s,0
18h40m29.6952s,-5d18m46.1189s,0
18h40m19.0992s,-5d17m24.0083s,1
18h40m37.1122s,-5d19m42.4974s,1
18h40m02.8968s,-5d15m18.8446s,0
18h40m02.5277s,-5d15m15.8245s,2
18h40m12.1896s,-5d16m29.9777s,2
18h40m18.4854s,-5d17m17.9927s,0
18h40m34.4503s,-5d19m20.3351s,2
18h40m53.282s,-5d21m44.8556s,0
18h40m32.012s,-5d19m01.0085s,0
18h40m31.7539s,-5d18m59.0083s,2
18h40m47.7039s,-5d21m01.5998s,0
18h40m05.1641s,-5d15m34.1957s,2
18h40m21.1959s,-5d17m37.185s,1
18h40m15.1036s,-5d16m50.0653s,0
18h40m48.4653s,-5d21m06.5063s,1
18h40m54.4094s,-5d21m52.0088s,0
18h40m07.0752s,-5d15m47.6824s,2
18h40m06.2014s,-5d15m40.8823s,1
18h40m43.705s,-5d20m29.4364s,1
18h40m47.981s,-5d21m01.1851s,1
18h40m16.6073s,-5d16m59.7976s,1
18h40m20.9941s,-5d17m32.8837s,2
18h40m07.3198s,-5d15m47.5038s,0
18h40m17.509s,-5d17m05.8949s,2
18h40m13.2379s,-5d16m32.2896s,1
18h40m04.3826s,-5d15m23.9s,0
18h40m49.4118s,-5d21m10.183s,1
18h40m03.3675s,-5d15m15.323s,1
18h40m07.5734s,-5d15m47.3198s,0
18h40m51.4506s,-5d21m24.3824s,1
18h40m19.4055s,-5d17m17.6755s,1
18h40m33.1333s,-5d19m03.1782s,2
18h40m29.5578s,-5d18m35.5288s,1
18h40m12.9366s,-5d16m26.9108s,1
18h40m11.2288s,-5d16m13.7107s,2
18h40m58.6215s,-5d22m18.2456s,1
18h40m57.9098s,-5d22m11.8362s,2
18h40m14.0295s,-5d16m34.1198s,2
18h40m18.4133s,-5d17m07.6261s,2
18h40m12.993s,-5d16m24.7343s,0
18h40m09.0001s,-5d15m53.6047s,1
18h40m29.4432s,-5d18m30.8732s,2
18h40m33.6843s,-5d19m03.2063s,2
18h40m48.724s,-5d20m58.0823s,2
18h40m35.5969s,-5d19m17.0108s,0
18h40m17.272s,-5d16m55.2551s,1
18h40m49.2509s,-5d21m00.7315s,1
18h40m10.0444s,-5d15m58.9349s,1
18h40m03.486s,-5d15m08.393s,2
18h40m36.7769s,-5d19m24.397s,1
18h40m17.8842s,-5d16m58.9732s,2
18h40m38.3915s,-5d19m36.6064s,1
18h40m45.5292s,-5d20m29.6538s,1
18h40m52.8823s,-5d21m26.0762s,1
18h40m33.7152s,-5d18m58.635s,0
18h40m06.6964s,-5d15m30.4837s,0
18h40m33.7961s,-5d18m57.4592s,1
18h40m49.8332s,-5d21m00.1213s,1
18h40m07.4357s,-5d15m33.4962s,1
18h40m26.4736s,-5d17m59.0921s,1
18h40m56.3854s,-5d21m48.924s,2
18h40m18.3487s,-5d16m55.8322s,0
18h40m42.2632s,-5d19m59.1226s,1
18h40m33.7044s,-5d18m53.0701s,0
18h40m05.8701s,-5d15m17.6976s,2
18h40m22.6371s,-5d17m25.4537s,0
18h40m58.4397s,-5d22m00.8663s,1
18h40m06.9362s,-5d15m24.17s,1
18h40m54.9518s,-5d21m33.3547s,2
18h40m21.0864s,-5d17m12.8249s,1
18h40m56.2174s,-5d21m42.8864s,1
18h40m12.813s,-5d16m08.4616s,1
18h40m45.0284s,-5d20m15.9648s,1
18h40m19.886s,-5d17m02.3525s,1
18h40m19.5037s,-5d16m59.2028s,0
18h40m46.3444s,-5d20m24.5465s,2
18h40m44.5472s,-5d20m10.3279s,0
18h40m13.258s,-5d16m09.5228s,1
18h40m48.7467s,-5d20m42.2102s,2
18h40m20.5201s,-5d17m04.141s,2
18h40m07.9945s,-5d15m27.7027s,0
18h40m34.2626s,-5d18m49.847s,2
18h40m36.6247s,-5d19m07.1929s,0
18h40m42.1006s,-5d19m49.2834s,1
18h40m15.962s,-5d16m28.0301s,0
18h40m48.5446s,-5d20m38.6736s,0
18h40m38.3177s,-5d19m19.5172s,0
18h40m45.059s,-5d20m11.3374s,1
18h40m08.0964s,-5d15m26.2361s,0
18h40m04.2883s,-5d14m56.5235s,2
18h40m31.2041s,-5d18m23.5901s,0
18h40m47.498s,-5d20m28.8805s,2
18h40m06.245s,-5d15m11.3274s,2
18h40m12.5709s,-5d15m59.548s,1
18h40m35.2325s,-5d18m53.2105s,0
18h40m58.1085s,-5d21m49.1447s,0
18h40m54.7651s,-5d21m23.4122s,2
18h40m55.0655s,-5d21m24.5459s,2
18h40m20.1959s,-5d16m55.3822s,2
18h40m08.4482s,-5d15m24.0959s,0
18h40m10.2478s,-5d15m37.7874s,1
18h40m07.0743s,-5d15m12.2555s,0
18h40m37.4337s,-5d19m05.0819s,2
18h40m42.3684s,-5d19m42.65s,1
18h40m05.6676s,-5d14m59.4161s,1
18h40m06.4173s,-5d15m04.7405s,0
18h40m44.6943s,-5d19m59.2676s,0
18h40m10.8838s,-5d15m38.9758s,2
18h40m46.9668s,-5d20m15.7016s,1
18h40m57.1317s,-5d21m33.2532s,1
18h40m17.6423s,-5d16m28.4455s,0
18h40m38.8662s,-5d19m11.752s,1
18h40m16.3222s,-5d16m17.9616s,0
18h40m14.7219s,-5d16m05.6114s,1
18h40m03.5943s,-5d14m39.8605s,0
18h40m42.9297s,-5d19m41.9531s,2
18h40m59.423s,-5d21m48.7922s,2
18h40m09.0725s,-5d15m20.911s,1
18h40m13.7503s,-5d15m56.0549s,0
18h40m20.6017s,-5d16m48.7092s,0
18h40m11.4539s,-5d15m37.8691s,2
18h40m32.1134s,-5d18m16.5679s,0
18h40m27.0221s,-5d17m37.0144s,1
18h40m33.5962s,-5d18m25.2184s,2
18h40m11.7244s,-5d15m36.5512s,2
18h40m33.037s,-5d18m19.6801s,2
18h40m32.498s,-5d18m15.408s,1
18h40m45.3726s,-5d19m54.0358s,0
18h40m27.728s,-5d17m38.8349s,0
18h40m06.5022s,-5d14m54.4902s,1
18h40m35.1042s,-5d18m33.845s,0
18h40m41.9601s,-5d19m26.4396s,1
18h40m34.6576s,-5d18m29.9318s,2
18h40m30.0865s,-5d17m54.1198s,1
18h40m40.8006s,-5d19m16.1598s,2
18h40m41.4003s,-5d19m20.582s,2
18h40m52.3411s,-5d20m44.6305s,0
18h40m04.3081s,-5d14m34.6492s,0
18h40m37.1397s,-5d18m47.1136s,0
18h40m47.8564s,-5d20m09.3048s,0
18h40m46.7736s,-5d20m00.9208s,0
18h40m44.6668s,-5d19m44.4958s,0
18h40m38.1616s,-5d18m53.8553s,0
18h40m59.2845s,-5d21m35.6785s,2
18h40m37.2033s,-5d18m45.6739s,2
18h40m54.8272s,-5d21m00.6048s,1
18h40m03.7316s,-5d14m26.6348s,0
18h40m27.2402s,-5d17m27.4873s,1
18h40m10.6786s,-5d15m19.2863s,0
18h40m27.3873s,-5d17m27.2954s,0
18h40m54.7181s,-5d20m57.0098s,2
18h40m13.5737s,-5d15m40.4518s,2
18h41m00.3177s,-5d21m39.9971s,1
18h40m59.8853s,-5d21m44.7224s,2
18h40m53.8346s,-5d20m49.4074s,1
18h40m42.0001s,-5d19m16.7678s,0
18h40m07.9049s,-5d14m53.5427s,0
18h40m40.3466s,-5d19m01.592s,0
18h40m27.4992s,-5d17m22.5078s,2
18h40m11.9121s,-5d15m22.0946s,2
18h41m00.5908s,-5d21m36.4565s,2
18h40m33.198s,-5d18m05.7467s,2
18h40m09.56s,-5d15m03.4265s,2
18h40m18.834s,-5d16m13.8061s,1
18h40m16.0108s,-5d15m52.0236s,0
18h40m37.1159s,-5d18m34.0052s,2
18h40m21.6444s,-5d16m33.0737s,1
18h40m54.9919s,-5d20m49.0668s,0
18h40m40.2094s,-5d18m55.0523s,0
18h40m50.5559s,-5d20m14.554s,2
18h40m27.4272s,-5d17m16.4216s,0
18h40m47.0613s,-5d19m47.0215s,2
18h40m29.2327s,-5d17m29.3597s,0
18h40m18.7237s,-5d16m08.3856s,0
18h40m09.7897s,-5d14m59.4517s,1
18h40m58.9516s,-5d21m17.4805s,1
18h40m07.09s,-5d14m37.7455s,1
18h40m35.5187s,-5d18m16.3969s,2
18h40m16.1976s,-5d15m47.0948s,2
18h40m59.8043s,-5d21m22.459s,1
18h40m19.1265s,-5d16m09.4354s,1
18h40m50.2675s,-5d20m08.9966s,2
18h40m46.3257s,-5d19m38.5658s,2
18h40m12.3364s,-5d15m16.7731s,0
18h40m26.341s,-5d17m04.5467s,2
18h40m35.8171s,-5d18m16.5208s,2
18h40m07.8508s,-5d14m41.014s,0
18h40m59.2551s,-5d21m16.4567s,0
18h40m47.3094s,-5d19m43.7272s,2
18h40m13.2497s,-5d15m21.6389s,1
18h40m32.4359s,-5d17m49.2706s,1
18h41m01.2221s,-5d21m31.198s,1
18h40m05.9845s,-5d14m25.0357s,1
18h40m35.3778s,-5d18m11.2025s,1
18h40m15.7524s,-5d15m40.1069s,0
18h40m32.845s,-5d17m51.1951s,1
18h40m43.6296s,-5d19m14.0869s,0
18h40m13.5534s,-5d15m22.5562s,0
18h40m53.9265s,-5d20m32.0262s,2
18h40m41.35s,-5d18m54.8604s,2
18h40m29.5354s,-5d17m23.905s,2
18h40m34.7786s,-5d18m04.0147s,2
18h40m36.7573s,-5d18m19.1344s,0
18h40m32.3311s,-5d17m44.9074s,1
18h40m43.0341s,-5d19m07.0698s,2
18h40m59.4361s,-5d21m12.4664s,0
18h40m13.6976s,-5d15m20.353s,1
18h40m34.578s,-5d18m00.9907s,2
18h40m46.0698s,-5d19m28.9243s,1
18h41m00.4859s,-5d21m18.8852s,2
18h40m09.236s,-5d14m44.461s,0
18h41m00.6151s,-5d21m19.3867s,1
18h40m19.2562s,-5d16m01.0999s,2
18h40m40.0711s,-5d18m41.1793s,0
18h40m13.8547s,-5d15m19.3806s,0
18h40m57.1218s,-5d20m53.3861s,1
18h40m32.594s,-5d17m43.2161s,1
18h40m20.019s,-5d16m06.1932s,2
18h41m01.4746s,-5d21m24.9635s,2
18h40m48.5181s,-5d19m45.1034s,1
18h40m57.0272s,-5d20m50.1745s,1
18h40m07.2029s,-5d14m26.5816s,1
18h40m45.0962s,-5d19m17.5249s,1
18h40m07.5871s,-5d14m27.7296s,0
18h40m14.8421s,-5d15m23.112s,2
18h40m29.8364s,-5d17m18.4931s,2
18h40m28.922s,-5d17m11.2106s,2
18h40m09.4028s,-5d14m40.5524s,2
18h40m08.9682s,-5d14m36.6367s,2
18h40m57.8861s,-5d20m52.9732s,0
18h40m09.9074s,-5d14m43.5116s,0
18h40m19.2791s,-5d15m55.3216s,1
18h40m34.6391s,-5d17m53.4415s,2
18h40m43.0977s,-5d18m57.9168s,2
18h40m27.5045s,-5d16m57.3701s,0
18h40m37.9986s,-5d18m18.0094s,2
18h40m38.218s,-5d18m19.1743s,1
18h40m32.9912s,-5d17m38.791s,2
18h40m18.3035s,-5d15m45.1278s,2
18h40m34.1599s,-5d17m46.203s,2
18h40m18.9418s,-5d15m48.7685s,1
18h40m34.9023s,-5d17m50.9532s,1
18h40m39.5812s,-5d18m26.3862s,0
18h40m06.5715s,-5d14m11.476s,2
18h40m17.4624s,-5d15m33.8209s,0
18h40m10.9984s,-5d14m43.3468s,1
18h40m30.2651s,-5d17m11.4432s,1
18h40m33.7668s,-5d17m38.3381s,2
18h40m33.6801s,-5d17m37.2368s,0
18h40m18.821s,-5d15m42.8857s,1
18h40m32.7791s,-5d17m29.8007s,1
18h40m48.6683s,-5d19m31.6632s,0
18h40m10.4469s,-5d14m37.3888s,0
18h40m59.2455s,-5d20m52.795s,1
18h40m40.2997s,-5d18m26.937s,2
18h40m40.4048s,-5d18m27.6066s,2
18h40m23.6272s,-5d16m18.3079s,2
18h40m25.985s,-5d16m35.828s,2
18h40m08.6142s,-5d14m20.891s,0
18h40m44.7509s,-5d18m58.6462s,1
18h40m45.6609s,-5d19m05.6129s,1
18h40m54.6038s,-5d20m13.9301s,2
18h40m31.441s,-5d17m13.8793s,1
18h40m10.3444s,-5d14m30.7936s,0
18h40m46.1828s,-5d19m06.5467s,1
18h41m01.5421s,-5d21m04.4244s,1
18h40m12.6044s,-5d14m47.1959s,1
18h40m19.2708s,-5d15m37.2622s,2
18h40m44.9865s,-5d18m54.9796s,2
18h40m21.7975s,-5d15m56.3116s,1
18h40m05.2712s,-5d13m48.6026s,0
18h40m16.6805s,-5d15m16.3508s,1
18h40m20.8571s,-5d15m48.2969s,0
18h40m33.0701s,-5d17m21.4562s,0
18h40m49.122s,-5d19m24.1608s,0
18h40m05.691s,-5d13m49.9235s,0
18h40m53.5292s,-5d19m57.027s,2
18h40m05.3199s,-5d13m44.2128s,1
18h40m37.8462s,-5d17m53.9833s,0
18h40m22.4532s,-5d15m54.5328s,0
18h40m12.478s,-5d14m36.3901s,1
18h40m07.8283s,-5d14m00.1658s,0
18h40m51.7822s,-5d19m37.987s,2
18h40m36.134s,-5d17m35.8037s,0
18h40m05.4115s,-5d13m38.2282s,2
18h41m01.4327s,-5d20m48.5383s,2
18h40m29.7078s,-5d16m44.4832s,0
18h40m26.7735s,-5d16m21.5278s,1
18h40m10.0175s,-5d14m11.8349s,2
18h40m24.8433s,-5d16m05.6176s,0
18h40m15.5015s,-5d14m53.6176s,1
18h40m22.9512s,-5d15m50.8756s,2
18h40m07.5747s,-5d13m52.3934s,0
18h40m15.8602s,-5d14m55.7336s,0
18h40m39.6807s,-5d17m58.9733s,0
18h40m33.4944s,-5d17m10.5439s,2
18h40m19.4336s,-5d15m22.1998s,0
18h40m45.1634s,-5d18m39.5388s,0
18h40m10.7567s,-5d14m14.6368s,1
18h40m28.8835s,-5d16m34.1396s,2
18h40m28.5488s,-5d16m31.5577s,0
18h40m11.3204s,-5d14m18.0136s,2
18h40m38.8684s,-5d17m49.6212s,0
18h40m31.6132s,-5d16m53.6581s,0
18h40m20.3863s,-5d15m27.2412s,1
18h40m31.9727s,-5d16m55.6338s,0
18h40m27.8437s,-5d16m23.8264s,0
18h41m00.3519s,-5d20m33.4082s,1
18h40m59.729s,-5d20m28.5868s,0
18h40m48.1328s,-5d18m59.2456s,0
18h40m06.9303s,-5d13m42.0755s,1
18h40m20.9082s,-5d15m29.5981s,0
18h40m46.1115s,-5d18m42.9181s,1
18h40m24.8368s,-5d15m58.9414s,2
18h40m30.8583s,-5d16m45.2021s,1
18h40m31.9113s,-5d16m52.1652s,1
18h40m33.5092s,-5d17m04.3048s,0
18h40m48.5037s,-5d18m59.3644s,2
18h40m06.221s,-5d13m33.8614s,0
18h41m01.1762s,-5d20m35.8062s,0
18h40m50.0373s,-5d19m10.1194s,0
18h40m30.9153s,-5d16m42.8092s,0
18h40m46.5842s,-5d18m43.1075s,0
18h40m41.519s,-5d18m03.6475s,2
18h40m27.3466s,-5d16m13.7161s,1
18h40m34.6714s,-5d17m09.4301s,2
18h40m22.675s,-5d15m36.7045s,1
18h40m34.1251s,-5d17m04.6295s,1
18h40m31.5017s,-5d16m44.2438s,2
18h40m14.517s,-5d14m32.8463s,0
18h40m36.9902s,-5d17m25.5516s,2
18h40m52.1521s,-5d19m21.7484s,0
18h40m06.5159s,-5d13m30.1638s,0
18h40m58.3798s,-5d20m08.8332s,1
18h40m20.5981s,-5d15m18.1267s,2
18h40m21.7655s,-5d15m26.8924s,0
18h40m08.8418s,-5d13m47.136s,0
18h40m39.5046s,-5d17m42.9605s,2
18h40m42.1374s,-5d18m02.7029s,0
18h40m34.1397s,-5d17m00.9553s,1
18h40m09.6801s,-5d13m52.3837s,1
18h40m40.4228s,-5d17m48.3443s,2
18h40m27.4608s,-5d16m08.5728s,2
18h40m41.7845s,-5d17m58.6352s,2
18h40m17.7957s,-5d14m52.224s,2
18h40m44.3647s,-5d18m16.5096s,1
18h40m43.0223s,-5d18m06.169s,1
18h40m20.6s,-5d15m13.6069s,1
18h40m38.8773s,-5d17m33.6754s,0
18h40m12.9664s,-5d14m13.7843s,0
18h40m07.5875s,-5d13m32.1823s,0
18h40m09.8866s,-5d13m49.7723s,1
18h40m31.9144s,-5d16m38.9384s,2
18h40m08.9214s,-5d13m41.6604s,2
18h40m59.8387s,-5d20m12.6121s,0
18h40m42.7274s,-5d18m00.8003s,0
18h40m08.8073s,-5d13m39.6937s,2
18h40m35.8119s,-5d17m07.4825s,0
18h40m10.4674s,-5d13m51.9553s,0
18h40m41.7724s,-5d17m52.6121s,1
18h40m36.4973s,-5d17m11.2542s,0
18h40m38.286s,-5d17m24.9907s,1
18h40m18.0984s,-5d14m49.5719s,1
18h40m08.5096s,-5d13m35.7528s,0
18h40m35.3741s,-5d17m01.7927s,1
18h40m43.1856s,-5d18m01.8504s,1
18h40m08.088s,-5d13m31.2733s,1
18h40m09.4109s,-5d13m41.0178s,2
18h40m36.5699s,-5d17m08.2856s,0
18h40m49.7379s,-5d18m49.4816s,2
18h40m20.2093s,-5d15m01.9577s,1
18h40m51.8908s,-5d19m05.5999s,1
18h40m37.9847s,-5d17m18.5363s,2
18h40m20.9804s,-5d15m06.7864s,1
18h40m46.6457s,-5d18m23.4904s,1
18h40m45.5366s,-5d18m14.3276s,0
18h40m37.084s,-5d17m09.0427s,1
18h40m14.864s,-5d14m17.6334s,2
18h40m47.134s,-5d18m25.929s,0
18h40m51.38s,-5d18m58.1396s,1
18h40m43.2362s,-5d17m55.3942s,0
18h40m27.1311s,-5d15m50.7384s,2
18h40m28.814s,-5d16m02.9122s,1
18h40m12.2902s,-5d13m55.2194s,1
18h40m55.475s,-5d19m27.3954s,1
18h40m35.4793s,-5d16m53.4472s,2
18h40m47.2477s,-5d18m24.4746s,0
18h40m31.4103s,-5d16m21.7304s,2
18h40m25.0995s,-5d15m33.1315s,1
18h40m31.5757s,-5d16m22.813s,2
18h40m38.9339s,-5d17m18.7782s,1
18h40m52.2561s,-5d19m00.3364s,2
18h40m49.6676s,-5d18m40.2016s,1
18h40m09.2862s,-5d13m29.383s,2
18h40m22.4327s,-5d15m10.5379s,2
18h40m19.5345s,-5d14m48.2204s,0
18h40m36.1109s,-5d16m55.3044s,2
18h40m30.8344s,-5d16m14.322s,2
18h40m48.307s,-5d18m28.6398s,1
18h40m42.1317s,-5d17m41.0604s,0
18h40m53.2386s,-5d19m06.1144s,2
18h40m58.9778s,-5d19m49.3457s,0
18h40m18.9877s,-5d14m41.4683s,1
18h40m31.4803s,-5d16m17.0476s,0
18h40m41.695s,-5d17m35.5495s,1
18h40m09.095s,-5d13m24.1781s,0
18h40m35.9683s,-5d16m50.8436s,1
18h40m47.0579s,-5d18m15.9095s,1
18h40m47.996s,-5d18m22.7459s,0
18h40m52.4375s,-5d18m56.8498s,0
18h40m24.568s,-5d15m21.8754s,1
18h40m40.9493s,-5d17m27.8664s,1
18h40m29.874s,-5d16m02.6029s,1
18h40m37.9002s,-5d17m04.295s,1
18h40m41.5209s,-5d17m31.9614s,2
18h40m17.5247s,-5d14m26.9286s,0
18h40m31.6671s,-5d16m15.7336s,1
18h40m30.4792s,-5d16m06.1514s,2
18h40m35.6825s,-5d16m46.1197s,1
18h40m18.4777s,-5d14m33.6498s,1
18h40m27.9849s,-5d15m46.8126s,2
18h40m24.1934s,-5d15m15.6838s,1
18h40m48.7147s,-5d18m24.2863s,2
18h40m17.4358s,-5d14m22.6234s,2
18h40m21.539s,-5d14m53.151s,1
18h40m17.663s,-5d14m23.114s,2
18h40m29.0564s,-5d15m50.7157s,2
18h40m43.8615s,-5d17m44.3706s,1
18h40m42.0901s,-5d17m30.5459s,1
18h40m32.9504s,-5d16m19.9938s,1
18h40m23.175s,-5d15m04.3322s,2
18h40m28.8002s,-5d15m47.5034s,0
18h40m54.647s,-5d19m05.7108s,2
18h40m33.3366s,-5d16m21.598s,2
18h40m33.0512s,-5d16m19.303s,2
18h40m53.9379s,-5d18m59.8486s,2
18h40m29.6262s,-5d15m52.6979s,1
18h40m19.2196s,-5d14m32.469s,2
18h40m08.2806s,-5d13m08.0681s,2
18h40m46.3071s,-5d18m00.0594s,0
18h40m32.5124s,-5d16m13.8418s,2
18h40m51.8379s,-5d18m42.2662s,2
18h40m07.088s,-5d12m57.8509s,1
18h40m36.7004s,-5d16m45.5736s,0
18h40m39.0046s,-5d17m02.364s,0
18h40m09.1352s,-5d13m12.3316s,2
18h40m17.0987s,-5d14m13.3501s,0
18h40m24.7954s,-5d15m12.1388s,0
18h40m30.6987s,-5d15m57.4315s,0
18h40m36.3915s,-5d16m40.0307s,2
18h40m17.2044s,-5d14m12.0329s,0
18h40m18.6892s,-5d14m23.275s,0
18h40m09.152s,-5d13m09.7345s,0
18h40m26.1828s,-5d15m20.385s,1
18h40m40.9915s,-5d17m14.015s,1
18h40m37.0487s,-5d16m42.861s,2
18h40m51.1648s,-5d18m31.2998s,1
18h40m46.5932s,-5d17m55.1166s,2
18h40m42.9354s,-5d17m26.7292s,1
18h40m41.5955s,-5d17m16.0102s,2
18h40m50.5527s,-5d18m24.6845s,0
18h40m43.8041s,-5d17m32.5799s,0
18h40m39.3969s,-5d16m58.3997s,0
18h40m25.4947s,-5d15m11.2417s,1
18h40m53.6893s,-5d18m48.1007s,0
18h40m21.0732s,-5d14m36.1561s,0
18h40m22.0865s,-5d14m43.8961s,2
18h40m08.7895s,-5d13m01.2461s,0
18h40m31.886s,-5d15m58.6969s,0
18h40m38.9649s,-5d16m53.1124s,1
18h40m12.4007s,-5d13m28.3595s,1
18h40m30.3124s,-5d15m46.2031s,1
18h40m18.9472s,-5d14m18.7321s,0
18h40m35.3041s,-5d16m23.6734s,2
18h40m51.9742s,-5d18m31.6811s,1
18h40m48.8009s,-5d18m07.2202s,2
18h40m53.0813s,-5d18m39.4358s,0
18h40m39.2118s,-5d16m52.5202s,1
18h40m26.3657s,-5d15m13.4996s,2
18h40m16.4856s,-5d13m57.4396s,2
18h40m50.368s,-5d18m17.9492s,0
18h40m18.0694s,-5d14m08.9527s,1
18h40m48.2199s,-5d18m00.3524s,2
18h40m07.9704s,-5d12m50.2744s,2
18h40m19.7626s,-5d14m20.2844s,2
18h40m40.0005s,-5d16m55.812s,1
18h40m52.2822s,-5d18m29.2021s,2
18h40m13.5512s,-5d13m30.5144s,0
18h40m10.9644s,-5d13m09.1553s,0
18h40m22.6091s,-5d14m38.4468s,1
18h40m18.3126s,-5d14m05.0932s,0
18h40m17.9608s,-5d14m02.143s,0
18h40m18.5469s,-5d14m06.054s,2
18h40m54.7108s,-5d18m44.1493s,1
18h40m31.2573s,-5d15m43.5247s,0
18h40m44.7489s,-5d17m27.2512s,1
18h40m48.1525s,-5d17m53.138s,2
18h40m41.8775s,-5d17m04.6943s,1
18h41m04.1111s,-5d19m55.5481s,2
18h40m53.6174s,-5d18m34.3606s,2
18h40m23.6761s,-5d14m43.9649s,0
18h40m36.1557s,-5d16m19.4372s,1
18h40m49.4774s,-5d18m01.6351s,2
18h40m16.242s,-5d13m45.8486s,1
18h40m31.7158s,-5d15m44.5496s,2
18h40m27.6417s,-5d15m11.92s,1
18h40m14.9659s,-5d13m33.9888s,1
18h40m48.1308s,-5d17m49.1723s,2
18h40m11.9433s,-5d13m10.6435s,2
18h40m42.132s,-5d17m02.4853s,2
18h40m30.546s,-5d15m33.3382s,0
18h40m30.9535s,-5d15m35.0831s,0
18h40m49.6121s,-5d17m58.3289s,1
18h40m11.896s,-5d13m08.0756s,1
18h40m11.5882s,-5d13m05.4934s,1
18h40m36.1694s,-5d16m14.5538s,2
18h40m16.4353s,-5d13m42.4265s,0
18h40m47.6533s,-5d17m41.5036s,1
18h40m51.8387s,-5d18m12.812s,1
18h40m21.051s,-5d14m15.1084s,1
18h40m11.7152s,-5d13m02.766s,0
18h40m37.2846s,-5d16m18.9667s,1
18h40m21.4368s,-5d14m16.6787s,0
18h40m35.8389s,-5d16m07.4136s,2
18h40m17.2277s,-5d13m43.586s,2
18h40m12.8408s,-5d13m09.4919s,0
18h40m17.3194s,-5d13m43.9475s,2
18h40m24.6894s,-5d14m40.5409s,0
18h40m44.6199s,-5d17m12.804s,2
18h40m24.6551s,-5d14m38.7352s,1
18h40m14.3889s,-5d13m19.7155s,2
18h40m10.3202s,-5d12m48.1586s,0
18h40m55.406s,-5d18m34.6201s,1
18h40m49.1329s,-5d17m46.3243s,1
18h40m17.789s,-5d13m45.1088s,0
18h41m04.4982s,-5d19m44.198s,2
18h40m40.8971s,-5d16m42.6605s,2
18h40m54.5487s,-5d18m26.8531s,0
18h40m37.9164s,-5d16m18.5225s,0
18h40m45.4287s,-5d17m16.2002s,2
18h40m21.0613s,-5d14m08.6352s,0
18h40m13.0507s,-5d13m06.5258s,1
18h40m19.0495s,-5d13m52.5421s,1
18h40m12.9976s,-5d13m04.7312s,1
18h40m20.3792s,-5d14m00.8488s,1
18h40m27.6696s,-5d14m56.4731s,0
18h40m39.4769s,-5d16m27.1103s,1
18h41m04.2906s,-5d19m37.5456s,0
18h40m53.8513s,-5d18m16.3624s,2
18h40m42.9767s,-5d16m52.6922s,1
18h40m21.7786s,-5d14m09.5057s,0
18h40m43.5684s,-5d16m57.0781s,2
18h40m31.8167s,-5d15m26.0662s,2
18h40m43.4976s,-5d16m55.6345s,2
18h40m16.0794s,-5d13m24.3527s,1
18h40m15.9416s,-5d13m23.1607s,0
18h40m24.5155s,-5d14m28.9734s,1
18h40m17.3915s,-5d13m33.676s,0
18h40m36.3475s,-5d15m59.2661s,0
18h40m56.2692s,-5d18m32.2412s,1
18h40m27.1017s,-5d14m47.1242s,2
18h40m41.2803s,-5d16m35.6718s,1
18h40m44.9785s,-5d17m03.4782s,2
18h40m20.3634s,-5d13m53.6725s,2
18h40m36.3264s,-5d15m55.3709s,0
18h40m51.3622s,-5d17m50.8931s,2
18h40m54.651s,-5d18m15.1103s,2
18h40m27.3544s,-5d14m44.201s,2
18h40m43.7924s,-5d16m49.6639s,2
18h40m35.4918s,-5d15m45.4662s,1
18h40m13.9452s,-5d12m59.4295s,2
18h40m13.1899s,-5d12m53.3945s,2
18h40m17.8172s,-5d13m28.5647s,1
18h40m50.6288s,-5d17m40.8019s,2
18h40m11.9952s,-5d12m43.1413s,2
18h40m35.5973s,-5d15m45.0198s,2
18h40m20.1417s,-5d13m43.5554s,1
18h40m35.6698s,-5d15m43.0085s,0
18h40m55.9295s,-5d18m18.0788s,0
18h40m37.9359s,-5d15m59.467s,1
18h40m46.4409s,-5d17m04.7612s,0
18h40m26.6399s,-5d14m32.3959s,0
18h40m35.0781s,-5d15m37.1682s,1
18h40m21.771s,-5d13m54.4199s,1
18h40m23.359s,-5d14m06.3622s,0
18h40m46.7862s,-5d17m06.49s,0
18h40m23.6239s,-5d14m07.7971s,2
18h40m48.5452s,-5d17m19.4827s,0
18h40m16.1132s,-5d13m09.6064s,2
18h40m45.598s,-5d16m56.4546s,0
18h40m48.9187s,-5d17m21.385s,2
18h40m48.5044s,-5d17m17.6618s,0
18h40m38.298s,-5d15m58.9108s,1
18h41m05.1231s,-5d19m25.0208s,1
18h40m33.9899s,-5d15m25.4873s,0
18h40m26.1204s,-5d14m23.2476s,0
18h40m41.3338s,-5d16m20.2188s,2
18h40m35.4479s,-5d15m34.8149s,2
18h40m51.4241s,-5d17m37.5277s,2
18h40m44.8964s,-5d16m47.0384s,0
18h40m15.1786s,-5d12m58.2188s,0
18h40m40.5864s,-5d16m13.26s,1
18h40m44.5255s,-5d16m42.5723s,0
18h40m54.5016s,-5d17m58.4279s,1
18h40m53.9567s,-5d17m53.9898s,1
18h40m44.3902s,-5d16m40.0595s,1
18h40m18.4012s,-5d13m20.0464s,2
18h40m20.3628s,-5d13m33.7688s,1
18h40m33.847s,-5d15m17.5018s,2
18h40m35.2013s,-5d15m27.5692s,0
18h40m43.6937s,-5d16m32.4199s,2
18h40m19.5859s,-5d13m26.909s,1
18h40m46.198s,-5d16m51.0593s,1
18h40m18.3175s,-5d13m16.1566s,2
18h40m26.6453s,-5d14m19.675s,1
18h40m33.6948s,-5d15m13.3016s,2
18h40m37.9141s,-5d15m45.265s,1
18h40m27.6006s,-5d14m25.5919s,2
18h40m30.3983s,-5d14m46.5745s,2
18h40m19.9715s,-5d13m25.9194s,2
18h40m39.0735s,-5d15m52.7393s,0
18h40m31.0301s,-5d14m50.1212s,2
18h41m03.6483s,-5d19m01.0232s,2
18h40m53.741s,-5d17m44.5589s,0
18h40m46.1639s,-5d16m45.7669s,0
18h40m38.0128s,-5d15m42.6751s,2
18h40m24.5997s,-5d13m58.3975s,0
18h40m42.2061s,-5d16m13.8338s,1
18h40m40.608s,-5d16m01.4329s,2
18h40m15.3123s,-5d12m46.5613s,0
18h40m54.1166s,-5d17m44.8472s,0
18h40m32.6601s,-5d14m59.7124s,2
18h40m56.0896s,-5d17m59.1356s,2
18h41m00.1147s,-5d18m30.0424s,0
18h40m26.7935s,-5d14m13.5143s,0
18h40m11.283s,-5d12m13.883s,2
18h40m20.1529s,-5d13m21.8125s,2
18h40m34.6275s,-5d15m12.9665s,0
18h40m39.9126s,-5d15m53.4737s,1
18h40m12.2077s,-5d12m19.7197s,0
18h40m52.8368s,-5d17m32.3084s,2
18h40m15.7922s,-5d12m46.3583s,1
18h40m45.0084s,-5d16m30.7211s,1
18h40m38.9793s,-5d15m44.0626s,0
18h40m18.3407s,-5d13m04.5404s,2
18h40m11.416s,-5d12m11.0455s,1
18h40m20.1549s,-5d13m18.0282s,0
18h40m22.5174s,-5d13m35.7679s,2
18h40m57.173s,-5d18m01.9328s,2
18h40m29.2477s,-5d14m26.8231s,2
18h40m44.0266s,-5d16m20.2699s,0
18h40m45.5819s,-5d16m32.0894s,2
18h40m29.6628s,-5d14m29.5127s,1
18h40m16.7771s,-5d12m50.342s,0
18h40m51.8541s,-5d17m20.0706s,0
18h40m29.9358s,-5d14m30.7464s,0
18h41m03.3534s,-5d18m47.7245s,0
18h40m35.6524s,-5d15m14.3532s,2
18h40m47.862s,-5d16m47.6216s,0
18h40m38.5388s,-5d15m35.7196s,1
18h40m54.1386s,-5d17m34.8403s,1
18h40m40.7908s,-5d15m52.0492s,1
18h40m30.3298s,-5d14m31.416s,1
18h40m14.4584s,-5d12m29.1402s,1
18h40m45.6307s,-5d16m28.7558s,0
18h41m06.0217s,-5d19m05.3976s,2
18h40m53.2605s,-5d17m26.5355s,1
18h40m56.2723s,-5d17m49.6943s,2
18h40m29.6632s,-5d14m23.6058s,1
18h40m38.284s,-5d15m29.6842s,1
18h40m21.172s,-5d13m17.846s,1
18h40m25.1987s,-5d13m48.5101s,2
18h40m56.3149s,-5d17m47.3546s,0
18h40m28.9008s,-5d14m16.3896s,1
18h40m44.472s,-5d16m16.0435s,0
18h40m18.8103s,-5d12m58.3013s,1
18h40m52.4002s,-5d17m16.6769s,0
18h40m29.1057s,-5d14m16.6787s,0
18h40m26.1288s,-5d13m53.3417s,1
18h40m36.9273s,-5d15m16.3368s,0
18h40m42.0953s,-5d15m55.9793s,2
18h40m16.7253s,-5d12m40.0208s,0
18h40m17.4405s,-5d12m44.6382s,2
18h40m45.1977s,-5d16m17.926s,0
18h40m51.1198s,-5d17m03.3076s,2
18h40m57.782s,-5d17m53.1953s,1
18h40m41.1321s,-5d15m44.9032s,2
18h40m34.9967s,-5d14m57.4469s,2
18h40m31.1122s,-5d14m27.1424s,0
18h40m22.3663s,-5d13m19.6691s,0
18h40m57.9401s,-5d17m53.0873s,1
18h40m30.9296s,-5d14m24.9349s,2
18h40m22.7649s,-5d13m21.7531s,0
18h40m35.0541s,-5d14m55.8884s,0
18h40m16.5449s,-5d12m33.1016s,2
18h40m54.0156s,-5d17m21.3374s,2
18h40m57.8357s,-5d17m49.9297s,1
18h40m57.8644s,-5d17m48.6604s,0
18h40m50.4986s,-5d16m51.9096s,2
18h40m50.7202s,-5d16m53.5134s,1
18h40m41.6277s,-5d15m42.6244s,2
18h40m35.9838s,-5d14m59.0028s,2
18h40m40.1819s,-5d15m31.2595s,1
18h40m52.9485s,-5d17m09.3336s,2
18h41m05.122s,-5d18m42.4026s,0
18h40m16.7238s,-5d12m29.7997s,1
18h40m50.0472s,-5d16m45.6658s,1
18h40m18.5769s,-5d12m43.2976s,2
18h40m50.5902s,-5d16m48.8546s,1
18h40m41.1648s,-5d15m36.3161s,2
18h40m43.7311s,-5d15m55.2928s,1
18h40m10.4371s,-5d11m38.9796s,1
18h40m56.1752s,-5d17m30.5772s,2
18h40m27.0797s,-5d13m46.51s,2
18h40m53.3703s,-5d17m08.5715s,1
18h40m30.4246s,-5d14m11.6682s,2
18h41m05.751s,-5d18m42.8087s,0
18h40m28.6201s,-5d13m57.1692s,2
18h40m44.7257s,-5d16m01.038s,2
18h41m05.312s,-5d18m39.2688s,0
18h40m28.0402s,-5d13m52.4885s,2
18h40m26.2079s,-5d13m37.9891s,0
18h40m18.7837s,-5d12m40.7455s,2
18h40m27.3264s,-5d13m46.1683s,1
18h40m23.3636s,-5d13m15.5694s,0
18h40m25.5452s,-5d13m31.7165s,2
18h40m56.9761s,-5d17m33.0659s,0
18h40m20.2252s,-5d12m49.8672s,1
18h40m52.6821s,-5d16m59.3645s,0
18h40m22.3861s,-5d13m06.1705s,1
18h40m12.4123s,-5d11m49.1568s,2
18h40m59.9727s,-5d17m54.9442s,1
18h40m15.6918s,-5d12m13.8596s,0
18h41m06.6373s,-5d18m44.9039s,2
18h40m46.1477s,-5d16m06.8412s,2
18h40m44.734s,-5d15m55.2157s,2
18h40m18.0285s,-5d12m29.6208s,1
18h40m30.2173s,-5d14m03.3396s,2
18h40m22.1562s,-5d12m59.7895s,1
18h40m30.6199s,-5d14m04.7753s,1
18h40m16.6237s,-5d12m16.6457s,1
18h40m41.6221s,-5d15m28.8515s,2
18h40m48.4172s,-5d16m21.0504s,0
18h40m19.7558s,-5d12m39.3768s,2
18h40m50.6532s,-5d16m36.3587s,2
18h40m45.0385s,-5d15m52.1651s,2
18h40m39.5215s,-5d15m08.8834s,2
18h40m28.0957s,-5d13m40.5642s,1
18h40m28.4125s,-5d13m42.2976s,0
18h41m03.8046s,-5d18m14.261s,2
18h40m26.2462s,-5d13m25.0072s,2
18h40m18.3578s,-5d12m24.1351s,1
18h40m19.3907s,-5d12m31.9234s,1
18h40m58.556s,-5d17m32.9352s,1
18h40m14.9541s,-5d11m57.3648s,0
18h40m55.5816s,-5d17m09.055s,1
18h40m47.7284s,-5d16m08.6081s,0
18h40m26.03s,-5d13m20.7671s,2
18h40m49.7304s,-5d16m23.0905s,1
18h40m18.9675s,-5d12m26.1922s,2
18h40m45.7229s,-5d15m51.9998s,2
18h40m24.9322s,-5d13m11.9273s,2
18h41m01.4148s,-5d17m52.5718s,2
18h41m07.197s,-5d18m36.8615s,1
18h40m28.6941s,-5d13m40.5217s,0
18h40m32.3356s,-5d14m08.1589s,1
18h40m19.8991s,-5d12m32.3251s,1
18h40m31.2716s,-5d13m59.6309s,1
18h40m55.99s,-5d17m09.4564s,2
18h40m30.7621s,-5d13m55.1204s,1
18h40m19.4338s,-5d12m27.8989s,2
18h40m17.9661s,-5d12m16.3328s,2
18h40m10.9444s,-5d11m21.183s,0
18h40m41.4534s,-5d15m15.1438s,2
18h40m11.4703s,-5d11m23.7239s,2
18h40m12.6075s,-5d11m32.2987s,0
18h40m18.6545s,-5d12m18.3884s,2
18h40m27.0503s,-5d13m22.9663s,1
18h40m32.8161s,-5d14m05.982s,2
18h40m37.6452s,-5d14m43.0217s,1
18h40m40.9232s,-5d15m07.8289s,2
18h40m12.4572s,-5d11m28.5292s,2
18h40m56.614s,-5d17m07.9912s,1
18h40m49.434s,-5d16m12.6372s,0
18h40m30.165s,-5d13m44.3586s,2
18h40m27.3666s,-5d13m21.1447s,2
18h40m49.517s,-5d16m11.3048s,0
18h40m52.7281s,-5d16m35.9987s,0
18h40m41.4081s,-5d15m08.8225s,0
18h40m18.0318s,-5d12m08.5756s,2
18h40m20.6225s,-5d12m28.2568s,1
18h40m45.8243s,-5d15m41.7355s,2
18h40m24.929s,-5d13m00.48s,1
18h40m23.9742s,-5d12m52.6968s,0
18h40m51.3435s,-5d16m22.5491s,2
18h40m10.745s,-5d11m10.0072s,2
18h40m40.5463s,-5d14m59.2062s,2
18h40m43.48s,-5d15m21.3491s,2
18h40m42.4268s,-5d15m12.9398s,0
18h41m01.0704s,-5d17m36.2s,0
18h40m31.5937s,-5d13m48.7304s,0
18h40m13.8309s,-5d11m31.9668s,2
18h40m22.3445s,-5d12m37.1052s,2
18h41m02.1364s,-5d17m42.8215s,1
18h40m39.4043s,-5d14m47.409s,1
18h40m17.8454s,-5d12m01.3712s,1
18h40m43.3677s,-5d15m17.6328s,2
18h41m05.87s,-5d18m10.2002s,2
18h40m28.8918s,-5d13m25.3992s,1
18h40m55.2652s,-5d16m47.1781s,1
18h40m34.4563s,-5d14m05.7671s,1
18h40m52.6082s,-5d16m24.6018s,0
18h40m37.5096s,-5d14m28.2361s,1
18h40m12.8484s,-5d11m18.3973s,2
18h40m33.277s,-5d13m55.6072s,2
18h40m53.7038s,-5d16m32.6035s,1
18h40m22.8718s,-5d12m34.7868s,2
18h40m24.8268s,-5d12m49.603s,2
18h40m17.2289s,-5d11m50.834s,2
18h40m31.0709s,-5d13m36.538s,1
18h40m44.9618s,-5d15m23.4043s,2
18h40m21.3426s,-5d12m21.604s,0
18h40m35.207s,-5d14m08.1406s,1
18h40m11.9825s,-5d11m08.8321s,1
18h40m41.011s,-5d14m51.9468s,2
18h40m42.619s,-5d15m03.7145s,1
18h40m30.6307s,-5d13m31.1362s,2
18h40m41.3715s,-5d14m53.169s,0
18h40m39.4444s,-5d14m38.2682s,0
18h40m52.6149s,-5d16m19.051s,2
18h40m45.749s,-5d15m25.9798s,2
18h40m49.9863s,-5d15m58.5608s,2
18h40m29.5997s,-5d13m21.2365s,0
18h41m03.1243s,-5d17m38.9422s,2
18h41m04.8249s,-5d17m51.2992s,0
18h40m49.8734s,-5d15m55.9242s,1
18h40m40.4934s,-5d14m43.4972s,2
18h40m30.6105s,-5d13m27.2161s,0
18h40m15.3199s,-5d11m27.906s,0
18h40m32.4144s,-5d13m39.4421s,1
18h40m58.8369s,-5d17m01.451s,0
18h40m12.2781s,-5d11m02.9976s,2
18h40m40.3566s,-5d14m38.2042s,2
18h40m44.4472s,-5d15m09.4072s,0
18h41m07.6554s,-5d18m07.1608s,0
18h40m33.0726s,-5d13m41.1294s,0
18h40m30.3045s,-5d13m19.5067s,1
18h40m21.2538s,-5d12m09.5548s,2
18h40m30.8431s,-5d13m23.0617s,0
18h40m50.0285s,-5d15m49.3027s,2
18h40m40.9194s,-5d14m39.0095s,1
18h40m16.9256s,-5d11m34.2888s,1
18h40m50.1895s,-5d15m49.8121s,2
18h40m25.8748s,-5d12m42.4544s,1
18h40m52.2411s,-5d16m05.3105s,2
18h40m51.1846s,-5d15m56.9419s,2
18h40m36.4216s,-5d14m03.3353s,0
18h40m42.8772s,-5d14m52.7032s,0
18h40m20.1348s,-5d11m57.5905s,2
18h40m47.4893s,-5d15m26.8373s,0
18h40m14.0803s,-5d11m09.4121s,2
18h41m04.7459s,-5d17m38.9216s,1
18h40m26.5304s,-5d12m44.7804s,0
18h40m55.4326s,-5d16m27.102s,2
18h40m38.9367s,-5d14m19.8294s,0
18h40m27.7531s,-5d12m53.6558s,0
18h40m31.6251s,-5d13m23.2284s,2
18h40m15.5071s,-5d11m17.8674s,2
18h40m44.4558s,-5d15m00.5368s,2
18h40m51.5212s,-5d15m54.4136s,0
18h40m20.3361s,-5d11m53.9714s,0
18h40m50.2292s,-5d15m43.8898s,2
18h40m46.7875s,-5d15m17.0647s,2
18h40m30.3604s,-5d13m10.4808s,1
18h40m51.0728s,-5d15m49.7891s,0
18h41m06.5635s,-5d17m48.3562s,1
18h40m29.5406s,-5d13m03.2218s,0
18h41m00.8923s,-5d17m04.115s,0
18h40m42.2213s,-5d14m39.6953s,0
18h40m31.992s,-5d13m20.3534s,2
18h40m40.9014s,-5d14m28.7743s,2
18h40m31.3774s,-5d13m15.3268s,2
18h40m59.846s,-5d16m53.931s,2
18h40m24.8091s,-5d12m24.3745s,2
18h40m30.0284s,-5d13m04.1668s,0
18h40m50.854s,-5d15m44.3657s,1
18h40m41.0383s,-5d14m28.6192s,1
18h40m27.6906s,-5d12m45.6977s,1
18h41m08.0808s,-5d17m56.3431s,1
18h40m44.674s,-5d14m56.1685s,2
18h40m12.3487s,-5d10m46.7393s,1
18h40m44.5752s,-5d14m53.1625s,1
18h40m18.2902s,-5d11m30.7687s,1
18h40m51.6068s,-5d15m46.6834s,0
18h40m30.8738s,-5d13m06.6986s,1
18h40m34.0376s,-5d13m30.9115s,0
18h41m04.5291s,-5d17m25.4533s,0
18h40m51.2646s,-5d15m43.3166s,0
18h40m16.2405s,-5d11m12.8206s,1
18h40m41.2179s,-5d14m24.9209s,2
18h40m46.599s,-5d15m06.2248s,1
18h41m04.9611s,-5d17m27.2656s,2
18h40m23.3865s,-5d12m06.9588s,1
18h40m26.0658s,-5d12m27.5706s,1
18h40m50.2791s,-5d15m33.3932s,2
18h40m14.0357s,-5d10m54.4044s,0
18h40m24.5072s,-5d12m14.9195s,0
18h40m56.8226s,-5d16m23.0898s,0
18h40m50.1508s,-5d15m31.7668s,2
18h41m04.5534s,-5d17m22.007s,1
18h40m29.6199s,-5d12m52.9646s,1
18h40m16.2656s,-5d11m10.1036s,2
18h40m52.7099s,-5d15m49.8708s,0
18h40m42.5967s,-5d14m31.8779s,1
18h41m04.1854s,-5d17m16.364s,2
18h40m55.8967s,-5d16m12.4374s,2
18h40m43.6795s,-5d14m37.8024s,1
18h40m23.3869s,-5d12m01.4738s,2
18h40m20.745s,-5d11m41.0212s,2
18h41m06.6296s,-5d17m33.6473s,0
18h40m23.1139s,-5d11m58.1831s,2
18h40m26.1636s,-5d12m21.6274s,0
18h40m16.8153s,-5d11m09.6032s,2
18h41m05.7743s,-5d17m26.1787s,0
18h40m36.9203s,-5d13m44.0976s,1
18h40m55.0196s,-5d16m03.3013s,1
18h40m47.449s,-5d15m04.9277s,0
18h40m39.3819s,-5d14m02.567s,1
18h40m52.8146s,-5d15m45.7484s,2
18h40m41.3936s,-5d14m17.84s,0
18h40m22.4352s,-5d11m51.7499s,0
18h41m08.4812s,-5d17m45.6022s,1
18h41m00.0634s,-5d16m39.5004s,0
18h40m47.3353s,-5d15m00.5861s,1
18h40m21.2897s,-5d11m40.1129s,0
18h40m31.3594s,-5d12m56.853s,1
18h40m27.9376s,-5d12m30.38s,1
18h40m29.9588s,-5d12m45.8878s,2
18h40m54.4688s,-5d15m54.3859s,2
18h40m30.3558s,-5d12m48.4492s,0
18h40m44.216s,-5d14m35.0304s,1
18h41m08.3898s,-5d17m40.8214s,2
18h40m21.901s,-5d11m43.1239s,0
18h40m23.6992s,-5d11m56.7942s,1
18h40m12.9196s,-5d10m33.5093s,2
18h40m34.464s,-5d13m17.7107s,1
18h40m41.2466s,-5d14m09.6853s,2
18h40m29.1945s,-5d12m36.572s,1
18h40m32.697s,-5d13m02.8736s,0
18h40m13.4479s,-5d10m34.6015s,2
18h40m19.7504s,-5d11m22.4009s,1
18h40m36.5112s,-5d13m30.9652s,2
18h40m47.1151s,-5d14m51.5544s,2
18h40m21.0958s,-5d11m31.0549s,1
18h40m52.1948s,-5d15m30.339s,0
18h40m29.9912s,-5d12m39.5078s,2
18h40m49.1859s,-5d15m06.0527s,1
18h40m42.9235s,-5d14m17.7594s,0
18h41m05.0635s,-5d17m07.3932s,1
18h40m26.8167s,-5d12m12.6551s,1
18h40m13.1609s,-5d10m27.2633s,2
18h40m40.4959s,-5d13m57.4039s,1
18h40m33.5412s,-5d13m03.7535s,1
18h40m28.5745s,-5d12m25.2972s,0
18h40m14.0653s,-5d10m32.4574s,2
18h40m46.4226s,-5d14m41.2537s,1
18h40m33.436s,-5d13m01.2565s,2
18h40m29.3825s,-5d12m29.9837s,0
18h40m42.9944s,-5d14m14.7163s,0
18h40m17.0571s,-5d10m54.8069s,1
18h40m54.1437s,-5d15m40.127s,2
18h40m37.6802s,-5d13m33.2101s,1
18h40m18.159s,-5d11m02.6437s,2
18h40m41.4705s,-5d14m01.797s,2
18h41m09.2534s,-5d17m35.313s,0
18h40m22.6748s,-5d11m36.7613s,1
18h40m14.4108s,-5d10m32.9678s,2
18h40m44.3338s,-5d14m23.1846s,0
18h40m26.8768s,-5d12m08.4366s,0
18h40m40.282s,-5d13m51.3314s,2
18h40m40.7158s,-5d13m54.5164s,1
18h40m38.1043s,-5d13m33.0085s,1
18h40m38.1389s,-5d13m33.0917s,1
18h41m05.6294s,-5d17m04.4707s,1
18h40m32.9852s,-5d12m53.3099s,0
18h40m42.1783s,-5d14m03.5682s,1
18h40m19.2014s,-5d11m06.7456s,1
18h41m04.2524s,-5d16m53.3262s,2
18h40m43.1773s,-5d14m10.8712s,2
18h40m32.3264s,-5d12m45.9634s,2
18h40m57.2027s,-5d15m55.9134s,2
18h40m19.6463s,-5d11m06.7999s,0
18h41m03.0594s,-5d16m39.5321s,1
18h40m48.2028s,-5d14m45.1993s,1
18h40m41.4534s,-5d13m53.2538s,0
18h40m57.9099s,-5d15m59.8388s,0
18h40m22.9973s,-5d11m30.4195s,0
18h41m05.0362s,-5d16m53.3734s,0
18h40m25.1825s,-5d11m46.7711s,1
18h40m23.1263s,-5d11m30.7651s,0
18h41m06.3104s,-5d17m02.8579s,1
18h41m02.1543s,-5d16m30.7124s,2
18h40m33.9922s,-5d12m53.959s,2
18h40m28.6066s,-5d12m12.3584s,0
18h40m33.8287s,-5d12m52.5179s,1
18h40m40.4049s,-5d13m42.9625s,2
18h41m07.9512s,-5d17m14.7995s,2
18h40m28.7151s,-5d12m12.8012s,0
18h41m06.5941s,-5d17m04.1845s,1
18h40m43.0113s,-5d14m01.9716s,0
18h41m02.0916s,-5d16m28.7126s,1
18h40m27.587s,-5d12m03.1756s,1
18h40m37.8533s,-5d13m21.4928s,1
18h40m14.0305s,-5d10m17.8651s,1
18h40m57.8293s,-5d15m54.4788s,0
18h40m39.258s,-5d13m31.2899s,2
18h40m16.9212s,-5d10m39.139s,1
18h40m51.7683s,-5d15m07.0142s,1
18h40m12.7896s,-5d10m06.9092s,1
18h40m39.1381s,-5d13m29.4049s,0
18h40m56.6641s,-5d15m43.7119s,1
18h40m56.5686s,-5d15m42.813s,2
18h40m58.6455s,-5d15m58.5619s,1
18h40m21.7896s,-5d11m14.996s,2
18h40m44.2538s,-5d14m07.1783s,2
18h40m44.965s,-5d14m12.3443s,0
18h40m43.6888s,-5d14m02.2232s,2
18h40m47.4637s,-5d14m30.9836s,1
18h40m26.6807s,-5d11m51.067s,2
18h40m58.8105s,-5d15m57.5219s,1
18h40m44.909s,-5d14m10.5011s,2
18h40m45.2048s,-5d14m12.1628s,1
18h40m32.8403s,-5d12m36.9641s,0
18h40m31.9179s,-5d12m29.4214s,1
18h40m54.3593s,-5d15m21.0114s,0
18h41m04.6324s,-5d16m39.1908s,1
18h40m30.8458s,-5d12m19.1642s,2
18h41m07.0887s,-5d16m57.8669s,1
18h40m44.1942s,-5d14m01.2584s,2
18h40m40.1826s,-5d13m30.1642s,1
18h40m39.0681s,-5d13m20.4175s,1
18h40m19.1438s,-5d10m47.0395s,1
18h40m19.4092s,-5d10m48.3272s,0
18h40m36.7112s,-5d13m01.1266s,2
18h40m59.9518s,-5d15m59.6189s,0
18h40m50.8639s,-5d14m49.5096s,0
18h40m13.5684s,-5d10m01.8574s,0
18h40m24.9776s,-5d11m29.4587s,0
18h40m27.6731s,-5d11m50.2019s,1
18h40m52.4146s,-5d15m00.2923s,1
18h40m39.372s,-5d13m19.7933s,0
18h40m48.0491s,-5d14m26.241s,0
18h40m17.7884s,-5d10m33.321s,0
18h40m50.2445s,-5d14m42.4478s,2
18h40m40.0183s,-5d13m23.3645s,2
18h40m20.8644s,-5d10m55.9481s,1
18h40m21.2905s,-5d10m59.1568s,2
18h40m20.4868s,-5d10m52.8848s,0
18h40m43.0273s,-5d13m45.8598s,2
18h40m14.0835s,-5d10m02.8452s,0
18h40m46.8946s,-5d14m15.2542s,2
18h40m54.8023s,-5d15m15.9538s,2
18h40m17.4621s,-5d10m28.6126s,2
18h40m32.3713s,-5d12m23.157s,1
18h41m03.8073s,-5d16m24.8084s,2
18h40m52.3391s,-5d14m55.5212s,1
18h41m03.3525s,-5d16m19.8775s,1
18h40m21.4655s,-5d10m57.3755s,2
18h40m14.3827s,-5d10m02.7394s,0
18h40m48.025s,-5d14m21.5466s,0
18h40m28.3003s,-5d11m49.5647s,0
18h40m54.1184s,-5d15m08.0798s,2
18h40m22.3349s,-5d11m02.9587s,1
18h40m58.1147s,-5d15m37.422s,2
18h41m06.8576s,-5d16m44.4029s,1
18h41m05.2965s,-5d16m32.223s,0
18h41m09.3455s,-5d17m02.8014s,2
18h40m47.6488s,-5d14m15.8694s,0
18h41m07.8941s,-5d16m51.371s,2
18h40m44.9038s,-5d13m53.8147s,0
18h40m40.7089s,-5d13m21.1523s,2
18h41m09.6742s,-5d17m03.6658s,1
18h41m06.3559s,-5d16m37.6252s,1
18h40m52.4571s,-5d14m50.2933s,0
18h40m15.875s,-5d10m08.7593s,1
18h40m18.1467s,-5d10m26.1815s,2
18h40m44.7021s,-5d13m49.6945s,1
18h40m42.1626s,-5d13m30.1454s,0
18h40m54.7663s,-5d15m06.754s,0
18h40m44.0142s,-5d13m41.7544s,0
18h40m31.7621s,-5d12m07.3235s,2
18h40m48.5016s,-5d14m16.0843s,0
18h40m27.456s,-5d11m32.7134s,0
18h41m06.7774s,-5d16m34.3668s,1
18h40m46.0699s,-5d13m54.6784s,1
18h40m54.2288s,-5d14m56.0278s,0
18h40m53.6836s,-5d14m51.7193s,2
18h40m56.1138s,-5d15m10.0609s,1
18h40m17.0058s,-5d10m08.6743s,0
18h40m37.4553s,-5d12m45.2473s,2
18h40m21.4066s,-5d10m41.5798s,1
18h40m41.3885s,-5d13m15.168s,0
18h40m36.7185s,-5d12m39.0348s,0
18h40m16.4845s,-5d10m03.0335s,2
18h40m29.7216s,-5d11m43.7748s,0
18h40m58.0592s,-5d15m21.4801s,0
18h40m24.8444s,-5d11m04.7918s,0
18h40m49.5387s,-5d14m14.2804s,1
18h40m53.3848s,-5d14m43.7579s,0
18h40m31.3482s,-5d11m53.7133s,0
18h40m18.6214s,-5d10m15.7408s,2
18h40m18.1648s,-5d10m12.2016s,0
18h40m54.5616s,-5d14m53.4836s,0
18h40m32.6271s,-5d12m02.8152s,0
18h40m38.9348s,-5d12m51.259s,0
18h40m14.8656s,-5d09m44.1562s,1
18h40m51.8896s,-5d14m28.6199s,0
18h41m07.5218s,-5d16m28.5467s,2
18h40m32.055s,-5d11m54.9157s,1
18h40m41.9094s,-5d13m10.601s,0
18h40m40.1373s,-5d12m56.8433s,2
18h40m50.7121s,-5d14m17.3306s,2
18h40m20.8019s,-5d10m26.8205s,1
18h40m21.9667s,-5d10m35.7668s,2
18h40m55.6321s,-5d14m54.51s,1
18h40m55.3392s,-5d14m52.1999s,2
18h40m51.7854s,-5d14m24.85s,1
18h40m25.2453s,-5d11m00.0895s,2
18h40m28.9645s,-5d11m28.6526s,1
18h40m27.2136s,-5d11m15.1771s,0
18h40m45.9005s,-5d13m38.8816s,1
18h41m10.1842s,-5d16m45.264s,0
18h40m19.8878s,-5d10m18.2053s,2
18h40m17.2418s,-5d09m57.6472s,1
18h41m10.303s,-5d16m44.175s,1
18h40m14.0425s,-5d09m31.1839s,1
18h40m47.9757s,-5d13m52.3063s,2
18h41m03.2978s,-5d15m49.5389s,2
18h40m34.3436s,-5d12m05.8252s,1
18h41m09.7892s,-5d16m37.8016s,0
18h40m15.0694s,-5d09m36.5537s,1
18h40m49.8672s,-5d14m04.1132s,0
18h40m54.601s,-5d14m40.1741s,1
18h40m20.7722s,-5d10m19.4779s,2
18h40m24.4249s,-5d10m47.1846s,0
18h40m23.0096s,-5d10m36.25s,2
18h40m37.7679s,-5d12m29.7418s,1
18h41m09.6006s,-5d16m34.4723s,2
18h40m53.1119s,-5d14m27.3289s,0
18h40m26.5774s,-5d11m03.1243s,0
18h40m34.8402s,-5d12m06.7003s,0
18h40m37.494s,-5d12m26.8564s,0
18h40m30.0298s,-5d11m28.7016s,0
18h40m44.826s,-5d13m21.6412s,2
18h40m32.5164s,-5d11m46.4179s,2
18h40m38.3281s,-5d12m30.4682s,0
18h40m22.2881s,-5d10m26.9242s,1
18h40m48.099s,-5d13m45.4357s,1
18h40m30.9548s,-5d11m32.6969s,1
18h40m18.2936s,-5d09m54.7884s,2
18h41m11.1924s,-5d16m41.6406s,2
18h40m36.7661s,-5d12m16.7443s,0
18h40m54.0017s,-5d14m29.1293s,0
18h40m55.036s,-5d14m36.6706s,0
18h40m23.6779s,-5d10m34.9648s,1
18h40m15.864s,-5d09m34.4801s,2
18h41m09.222s,-5d16m24.7048s,1
18h41m10.771s,-5d16m36.4818s,2
18h41m00.9554s,-5d15m20.8213s,0
18h40m30.0249s,-5d11m22.8088s,0
18h40m56.0581s,-5d14m42.6768s,0
18h40m26.6709s,-5d10m55.8538s,1
18h40m32.1779s,-5d11m38.2286s,0
18h40m41.2309s,-5d12m47.48s,0
18h40m15.2665s,-5d09m26.6634s,1
18h41m00.759s,-5d15m16.6939s,0
18h40m46.5748s,-5d13m27.4901s,0
18h41m11.3952s,-5d16m38.2217s,1
18h40m53.573s,-5d14m21.1488s,2
18h40m34.5289s,-5d11m54.5644s,0
18h40m20.2716s,-5d10m04.692s,0
18h41m06.8864s,-5d16m03.0882s,1
18h40m38.5529s,-5d12m24.7561s,1
18h40m39.6748s,-5d12m32.3089s,1
18h40m48.5388s,-5d13m38.9608s,1
18h40m20.717s,-5d10m04.5134s,2
18h40m50.6976s,-5d13m55.1302s,1
18h40m19.2852s,-5d09m53.2703s,0
18h40m15.3931s,-5d09m22.847s,0
18h41m06.59s,-5d15m56.2633s,2
18h41m02.8323s,-5d15m26.9687s,1
18h40m40.1389s,-5d12m32.625s,2
18h40m24.0189s,-5d10m28.1438s,2
18h40m15.6929s,-5d09m23.161s,0
18h41m09.1352s,-5d16m13.9073s,0
18h40m18.8126s,-5d09m46.4594s,0
18h40m51.4677s,-5d13m57.688s,2
18h40m48.6028s,-5d13m35.2416s,1
18h40m43.026s,-5d12m52.1611s,2
18h40m24.2078s,-5d10m27.2507s,0
18h40m57.8911s,-5d14m45.6461s,0
18h40m24.7101s,-5d10m30.3485s,1
18h40m27.9673s,-5d10m54.8861s,1
18h40m43.4942s,-5d12m54.6181s,0
18h40m43.2044s,-5d12m51.8044s,2
18h40m16.4466s,-5d09m24.8249s,2
18h40m18.2838s,-5d09m38.4142s,1
18h40m29.8692s,-5d11m05.8866s,0
18h41m04.7676s,-5d15m34.1165s,1
18h40m41.2722s,-5d12m32.845s,0
18h40m37.6364s,-5d12m03.6745s,2
18h40m23.4472s,-5d10m14.3396s,2
18h40m46.5335s,-5d13m11.9762s,2
18h41m10.8938s,-5d16m19.0747s,1
18h40m58s,-5d14m39.4811s,2
18h41m11.5207s,-5d16m23.1917s,1
18h40m16.3216s,-5d09m17.5064s,2
18h40m30.6075s,-5d11m07.0674s,2
18h40m41.1135s,-5d12m27.8597s,2
18h40m35.6802s,-5d11m45.8826s,2
18h40m39.2213s,-5d12m13.1177s,1
18h40m19.2209s,-5d09m39.0402s,0
18h40m32.353s,-5d11m19.5749s,1
18h40m15.4731s,-5d09m09.4838s,0
18h40m48.9829s,-5d13m27.1841s,2
18h40m54.1453s,-5d14m06.283s,2
18h40m52.8814s,-5d13m56.1619s,2
18h41m09.8209s,-5d16m06.299s,0
18h41m05.663s,-5d15m33.9109s,1
18h41m10.3488s,-5d16m08.7028s,0
18h40m49.1134s,-5d13m24.3962s,2
18h41m08.3895s,-5d15m52.6234s,2
18h40m16.5904s,-5d09m13.2322s,2
18h40m32.3087s,-5d11m12.8375s,0
18h40m17.1686s,-5d09m16.1086s,0
18h40m40.0449s,-5d12m11.9538s,1
18h40m50.6526s,-5d13m33.3077s,2
18h40m37.0667s,-5d11m48.7316s,0
18h40m49.1251s,-5d13m21.3928s,0
18h40m55.2635s,-5d14m08.1992s,2
18h40m38.2156s,-5d11m56.3539s,2
18h40m40.5359s,-5d12m13.5572s,0
18h40m43.8111s,-5d12m38.6035s,2
18h40m51.3611s,-5d13m36.4915s,2
18h41m11.546s,-5d16m11.6832s,2
18h40m32.3296s,-5d11m09.9445s,0
18h41m11.28s,-5d16m09.1801s,0
18h40m15.9263s,-5d09m03.2929s,1
18h40m19.9402s,-5d09m33.9732s,1
18h40m17.3015s,-5d09m13.4539s,2
18h40m52.2432s,-5d13m42.182s,2
18h40m37.5343s,-5d11m48.5228s,0
18h40m39.5519s,-5d12m03.8822s,1
18h40m17.5079s,-5d09m13.4593s,0
18h40m31.3134s,-5d10m59.336s,1
18h41m08.1179s,-5d15m42.233s,0
18h40m17.3421s,-5d09m10.7406s,2
18h40m39.2501s,-5d11m58.6486s,0
18h40m25.8981s,-5d10m15.4412s,0
18h40m38.5778s,-5d11m51.9036s,1
18h40m51.0034s,-5d13m27.269s,0
18h41m08.5433s,-5d15m41.621s,0
18h41m04.6899s,-5d15m11.9657s,2
18h40m34.3604s,-5d11m18.3671s,2
18h40m53.7386s,-5d13m46.3904s,1
18h40m28.4532s,-5d10m31.3705s,1
18h40m24.5533s,-5d10m01.2644s,0
18h40m42.946s,-5d12m22.7934s,2
18h40m37.7057s,-5d11m41.2368s,1
18h40m33.9309s,-5d11m12.0372s,2
18h40m50.304s,-5d13m17.8072s,1
18h40m22.3862s,-5d09m42.5657s,2
18h40m36.4124s,-5d11m30.4876s,2
18h40m24.2444s,-5d09m56.722s,2
18h40m28.7599s,-5d10m31.2452s,0
18h40m16.0941s,-5d08m53.5045s,1
18h40m23.2635s,-5d09m47.2986s,2
18h40m32.9541s,-5d11m01.7084s,2
18h40m25.7359s,-5d10m04.535s,1
18h40m52.0751s,-5d13m27.0214s,1
18h40m20.9876s,-5d09m27.5796s,0
18h40m38.4952s,-5d11m41.7613s,2
18h40m51.8577s,-5d13m24.5006s,1
18h41m03.8316s,-5d14m56.0245s,0
18h41m05.4235s,-5d15m06.8681s,0
18h40m52.5607s,-5d13m27.215s,0
18h40m39.2469s,-5d11m44.7198s,0
18h40m32.6278s,-5d10m53.5451s,2
18h40m53.2942s,-5d13m31.3792s,0
18h40m40.7809s,-5d11m55.0622s,2
18h40m48.0324s,-5d12m50.711s,1
18h41m11.6622s,-5d15m51.3706s,2
18h40m31.6512s,-5d10m42.5698s,0
18h41m08.3019s,-5d15m24.1556s,1
18h40m42.5309s,-5d12m05.8381s,2
18h41m11.3749s,-5d15m46.2737s,2
18h40m53.7046s,-5d13m30.3557s,1
18h40m30.4117s,-5d10m31.0433s,2
18h40m56.8301s,-5d13m53.7078s,0
18h41m08.1924s,-5d15m20.79s,1
18h40m51.0456s,-5d13m08.17s,0
18h41m07.6779s,-5d15m16.0859s,1
18h40m49.9821s,-5d12m59.5876s,0
18h40m18.2902s,-5d08m54.9211s,2
18h41m11.5813s,-5d15m44.6152s,1
18h40m40.6128s,-5d11m45.9539s,2
18h40m55.5005s,-5d13m40.2362s,2
18h41m09.7069s,-5d15m29.2234s,1
18h40m30.7488s,-5d10m28.5611s,1
18h40m40.194s,-5d11m40.7231s,1
18h40m56.9604s,-5d13m49.5329s,0
18h40m24.0731s,-5d09m36.3856s,0
18h40m27.7417s,-5d10m03.6851s,1
18h40m36.9384s,-5d11m14.3387s,2
18h40m21.256s,-5d09m13.6314s,2
18h40m49.8024s,-5d12m53.2242s,0
18h41m07.4108s,-5d15m08.2278s,2
18h40m52.305s,-5d13m11.6252s,2
18h41m07.1843s,-5d15m05.8698s,2
18h41m10.1691s,-5d15m28.3694s,0
18h40m50.6424s,-5d12m57.8977s,1
18h40m55.8613s,-5d13m37.5049s,0
18h40m30.7825s,-5d10m24.4456s,1
18h40m20.4787s,-5d09m04.9954s,0
18h40m24.3965s,-5d09m34.8772s,0
18h41m07.6702s,-5d15m07.0967s,0
18h40m33.0132s,-5d10m40.013s,2
18h41m07.1242s,-5d15m02.3634s,0
18h40m36.1797s,-5d11m04.1158s,2
18h40m32.238s,-5d10m32.9966s,2
18h40m48.8953s,-5d12m40.2437s,0
18h41m08.8283s,-5d15m13.1785s,1
18h40m36.3933s,-5d11m03.1304s,1
18h40m56.4543s,-5d13m37.2659s,0
18h40m32.3608s,-5d10m31.6657s,1
18h40m16.8735s,-5d08m32.4341s,1
18h41m11.3646s,-5d15m31.3434s,2
18h40m26.8644s,-5d09m48.3214s,1
18h40m41.8787s,-5d11m43.7885s,0
18h40m50.2316s,-5d12m47.5808s,1
18h40m41.1252s,-5d11m37.019s,2
18h40m32.5073s,-5d10m29.9964s,2
18h40m40.9129s,-5d11m34.6117s,1
18h40m37.8512s,-5d11m10.1555s,2
18h40m25.1215s,-5d09m31.8654s,2
18h40m29.1448s,-5d10m01.2457s,0
18h41m09.9628s,-5d15m14.953s,2
18h40m53.9315s,-5d13m10.1122s,1
18h40m42.5224s,-5d11m42.3283s,1
18h40m26.2864s,-5d09m37.3111s,1
18h41m09.3318s,-5d15m08.1191s,0
18h40m36.7767s,-5d10m57.2448s,2
18h40m43.5169s,-5d11m48.192s,1
18h41m08.7276s,-5d15m02.0387s,0
18h40m50.701s,-5d12m43.2436s,2
18h40m24.0915s,-5d09m18.3546s,0
18h40m31.7886s,-5d10m16.2433s,1
18h40m33.3656s,-5d10m27.7414s,1
18h40m38.7336s,-5d11m08.7655s,2
18h40m35.0269s,-5d10m40.1459s,0
18h40m37.7479s,-5d11m00.9535s,0
18h41m02.9861s,-5d14m14.9971s,2
18h40m40.2441s,-5d11m20.0346s,1
18h40m42.827s,-5d11m39.8537s,2
18h41m08.9261s,-5d14m59.6044s,2
18h40m23.8133s,-5d09m12.4045s,2
18h40m34.45s,-5d10m33.4949s,1
18h40m43.187s,-5d11m40.5398s,1
18h41m07.7794s,-5d14m48.8011s,0
18h41m06.4419s,-5d14m38.2988s,2
18h41m01.0315s,-5d13m56.6198s,2
18h40m18.7468s,-5d08m30.0289s,1
18h40m29.7351s,-5d09m54.4658s,1
18h40m23.04s,-5d09m02.2849s,2
18h40m40.5126s,-5d11m16.5772s,1
18h40m35.4099s,-5d10m37.25s,2
18h40m43.6442s,-5d11m40.5787s,2
18h41m09.7537s,-5d15m01.0415s,2
18h40m25.2383s,-5d09m18.0605s,2
18h40m27.9204s,-5d09m38.1164s,2
18h40m37.8674s,-5d10m52.9612s,1
18h40m43.1155s,-5d11m33.315s,2
18h40m57.4596s,-5d13m23.363s,2
18h40m45.606s,-5d11m51.2858s,1
18h40m55.6855s,-5d13m08.1901s,2
18h40m28.2675s,-5d09m36.9511s,1
18h40m44.9704s,-5d11m45.3466s,1
18h40m51.7944s,-5d12m37.0721s,2
18h40m20.2647s,-5d08m33.9706s,1
18h40m34.3012s,-5d10m21.9562s,0
18h41m10.0036s,-5d14m56.5696s,2
18h40m56.9043s,-5d13m15.7505s,2
18h41m12.2341s,-5d15m13.4564s,0
18h40m23.1971s,-5d08m55.7743s,1
18h40m53.0664s,-5d12m45.4687s,2
18h40m37.3812s,-5d10m44.7301s,0
18h41m04.2082s,-5d14m11.0508s,2
18h40m54.059s,-5d12m51.692s,2
18h40m37.419s,-5d10m43.2995s,1
18h40m24.3913s,-5d09m02.9711s,1
18h40m40.6031s,-5d11m07.7168s,2
18h41m07.6637s,-5d14m35.5859s,0
18h40m19.3566s,-5d08m23.5658s,0
18h40m27.8089s,-5d09m27.607s,0
18h40m37.61s,-5d10m42.9463s,1
18h41m13.0614s,-5d15m13.8301s,2
18h40m32.9989s,-5d10m05.4217s,1
18h40m34.0744s,-5d10m13.5847s,0
18h40m53.1193s,-5d12m39.9964s,0
18h41m05.822s,-5d14m17.4865s,0
18h40m37.8487s,-5d10m42.1723s,2
18h40m23.4222s,-5d08m50.4737s,2
18h41m00.9282s,-5d13m39.0342s,0
18h40m37.724s,-5d10m40.3392s,0
18h41m03.0049s,-5d13m54.1898s,2
18h40m43.7544s,-5d11m25.8018s,1
18h40m28.158s,-5d09m25.686s,0
18h40m53.0831s,-5d12m36.7538s,1
18h40m19.1158s,-5d08m15.1541s,0
18h40m51.8516s,-5d12m26.3484s,0
18h40m46.9248s,-5d11m46.7048s,1
18h40m50.8808s,-5d12m16.8386s,0
18h41m05.1699s,-5d14m05.7415s,1
18h40m43.4856s,-5d11m18.8207s,2
18h40m34.9594s,-5d10m13.0156s,0
18h40m48.3746s,-5d11m55.9608s,0
18h40m29.0455s,-5d09m26.5835s,2
18h40m53.9076s,-5d12m37.0408s,2
18h40m19.1856s,-5d08m09.8531s,2
18h40m38.8121s,-5d10m40.8032s,2
18h40m24.9654s,-5d08m54.0226s,0
18h40m28.7245s,-5d09m22.9352s,1
18h41m09.0566s,-5d14m32.334s,0
18h40m39.8979s,-5d10m47.9726s,2
18h40m37.7722s,-5d10m31.4008s,0
18h41m04.5641s,-5d13m56.8391s,1
18h40m39.2971s,-5d10m42.397s,0
18h40m54.09s,-5d12m34.9405s,0
18h41m00.3403s,-5d13m22.8601s,1
18h40m50.7814s,-5d12m08.8337s,0
18h40m48.932s,-5d11m54.1453s,2
18h40m56.2622s,-5d12m49.9248s,0
18h41m11.2274s,-5d14m44.898s,1
18h40m38.0512s,-5d10m29.469s,2
18h40m30.6177s,-5d09m32.0137s,2
18h40m46.8523s,-5d11m36.7174s,2
18h40m33.371s,-5d09m52.9128s,2
18h40m39.911s,-5d10m43.2156s,0
18h40m56.1892s,-5d12m48.3869s,2
18h40m54.0384s,-5d12m31.7048s,0
18h40m40.9509s,-5d10m50.5456s,1
18h40m54.2609s,-5d12m32.7532s,0
18h40m56.4749s,-5d12m49.6062s,2
18h40m41.9538s,-5d10m57.2765s,1
18h41m06.9552s,-5d14m09.469s,2
18h40m33.8647s,-5d09m54.8492s,1
18h40m55.6221s,-5d12m41.8219s,0
18h40m27.7389s,-5d09m08.0017s,0
18h41m14.3604s,-5d15m05.7679s,2
18h41m09.9144s,-5d14m31.4736s,2
18h40m45.2269s,-5d11m21.4508s,0
18h40m37.3193s,-5d10m20.4067s,2
18h40m46.4505s,-5d11m30.3187s,2
18h41m05.2302s,-5d13m54.3058s,1
18h40m44.9484s,-5d11m18.272s,2
18h40m36.1852s,-5d10m10.7731s,0
18h40m18.6623s,-5d07m55.592s,2
18h40m25.3281s,-5d08m46.3902s,1
18h40m48.8132s,-5d11m46.7668s,1
18h40m18.1846s,-5d07m50.5783s,2
18h40m35.9992s,-5d10m07.4093s,1
18h40m36.9961s,-5d10m13.8378s,0
18h40m17.6394s,-5d07m44.6171s,0
18h40m46.923s,-5d11m29.8075s,0
18h40m28.1903s,-5d09m05.5825s,1
18h40m43.5756s,-5d11m03.6982s,1
18h41m07.6502s,-5d14m07.3543s,2
18h40m33.2981s,-5d09m42.5869s,2
18h40m57.3081s,-5d12m46.9678s,2
18h40m56.9294s,-5d12m43.6824s,2
18h40m33.7882s,-5d09m45.2956s,2
18h40m31.539s,-5d09m27.8791s,2
18h40m36.6205s,-5d10m06.2087s,1
18h40m49.642s,-5d11m45.0802s,1
18h40m54.1051s,-5d12m19.2856s,2
18h40m58.777s,-5d12m54.5263s,2
18h40m34.6804s,-5d09m48.9578s,0
18h40m27.9341s,-5d08m56.837s,2
18h41m01.661s,-5d13m16.2376s,0
18h40m20.83s,-5d08m01.4456s,1
18h41m07.7632s,-5d14m02.4734s,2
18h40m26.0155s,-5d08m40.5564s,2
18h40m20.0664s,-5d07m54.5311s,2
18h40m39.7392s,-5d10m25.549s,2
18h41m14.2173s,-5d14m50.3628s,2
18h40m36.0754s,-5d09m56.8426s,2
18h40m43.4048s,-5d10m53.054s,0
18h41m02.5813s,-5d13m20.5s,1
18h40m49.2094s,-5d11m36.8894s,2
18h40m35.0024s,-5d09m46.4044s,2
18h40m41.0806s,-5d10m32.7814s,1
18h40m55.7437s,-5d12m25.5089s,1
18h40m20.8855s,-5d07m56.4845s,1
18h40m27.7273s,-5d08m48.736s,1
18h40m35.9672s,-5d09m51.5653s,2
18h40m55.3526s,-5d12m20.335s,1
18h41m00.5454s,-5d13m00.0498s,1
18h40m56.2013s,-5d12m26.5108s,2
18h41m14.4075s,-5d14m45.8142s,2
18h40m39.984s,-5d10m20.6537s,0
18h40m54.7465s,-5d12m14.2056s,1
18h40m34.4516s,-5d09m37.2852s,0
18h40m54.7309s,-5d12m13.1022s,0
18h40m47.6312s,-5d11m18.434s,1
18h41m03.6294s,-5d13m20.8859s,0
18h41m06.3044s,-5d13m40.7352s,2
18h40m40.0776s,-5d10m18.979s,1
18h41m02.3166s,-5d13m10.0384s,2
18h40m40.2649s,-5d10m19.0294s,2
18h40m18.5533s,-5d07m31.7622s,2
18h40m55.9194s,-5d12m19.0937s,1
18h41m07.7742s,-5d13m50.1431s,1
18h40m59.2899s,-5d12m44.3664s,1
18h40m37.4419s,-5d09m56.1114s,2
18h40m35.2925s,-5d09m39.3372s,0
18h41m13.4158s,-5d14m32.5288s,0
18h41m09.9649s,-5d14m05.968s,0
18h40m37.5217s,-5d09m56.2208s,2
18h40m32.8612s,-5d09m20.2698s,1
18h40m35.2019s,-5d09m38.2003s,2
18h41m01.284s,-5d12m58.756s,1
18h40m56.3953s,-5d12m20.6086s,2
18h40m41.3196s,-5d10m24.0067s,2
18h41m11.0476s,-5d14m12.4606s,0
18h40m20.8315s,-5d07m45.7104s,1
18h40m50.1144s,-5d11m30.6114s,0
18h40m52.4937s,-5d11m48.8954s,2
18h40m34.8363s,-5d09m32.7168s,2
18h40m32.9402s,-5d09m17.6908s,2
18h40m46.3096s,-5d11m00.2382s,1
18h40m23.111s,-5d08m01.6901s,1
18h41m13.9234s,-5d14m32.5997s,0
18h40m40.5575s,-5d10m15.6968s,0
18h40m41.8356s,-5d10m24.9316s,0
18h40m38.2182s,-5d09m57.0744s,2
18h40m58.0737s,-5d12m29.2806s,0
18h40m48.3275s,-5d11m13.6648s,2
18h40m54.9152s,-5d12m03.4146s,0
18h40m35.2013s,-5d09m31.6739s,0
18h40m47.2484s,-5d11m03.9192s,2
18h40m49.9767s,-5d11m24.837s,0
18h41m06.4221s,-5d13m30.878s,2
18h40m43.5702s,-5d10m33.8761s,0
18h41m10.8823s,-5d14m03.8594s,0
18h41m09.8116s,-5d13m55.5341s,2
18h40m40.3649s,-5d10m08.7046s,2
18h40m28.4912s,-5d08m37.2746s,1
18h40m22.0453s,-5d07m47.6562s,1
18h40m47.0774s,-5d10m59.5247s,1
18h40m28.9807s,-5d08m40.2364s,2
18h41m07.8475s,-5d13m38.9226s,0
18h40m54.9884s,-5d11m59.3056s,2
18h40m21.9929s,-5d07m45.3961s,2
18h40m42.6058s,-5d10m23.6964s,1
18h40m57.7368s,-5d12m19.8461s,0
18h40m20.8517s,-5d07m35.9681s,0
18h41m09.7546s,-5d13m51.5842s,0
18h40m20.6781s,-5d07m33.9431s,0
18h40m27.93s,-5d08m29.5415s,1
18h40m30.1149s,-5d08m46.2512s,0
18h41m00.0402s,-5d12m36.4118s,2
18h40m56.4655s,-5d12m07.7821s,2
18h41m01.3659s,-5d12m45.2718s,1
18h40m57.7952s,-5d12m17.383s,2
18h40m43.7597s,-5d10m29.213s,1
18h40m37.6957s,-5d09m42.4361s,1
18h40m36.1789s,-5d09m30.5701s,2
18h40m27.7346s,-5d08m25.5372s,0
18h40m53.9654s,-5d11m47.225s,0
18h40m25.4169s,-5d08m08.331s,2
18h40m58.3127s,-5d12m19.3684s,2
18h40m38.8407s,-5d09m48.8905s,0
18h40m40.8334s,-5d10m04.2096s,0
18h40m53.0291s,-5d11m36.0892s,0
18h40m59.4787s,-5d12m25.3775s,2
18h40m18.927s,-5d07m12.5504s,0
18h41m11.0139s,-5d13m53.188s,1
18h40m35.0122s,-5d09m15.516s,0
18h41m07.0133s,-5d13m21.1937s,2
18h40m45.2309s,-5d10m33.1565s,0
18h40m28.5066s,-5d08m24.0504s,2
18h41m02.2309s,-5d12m43.4434s,2
18h40m51.8989s,-5d11m23.3117s,1
18h40m37.6316s,-5d09m33.1445s,1
18h41m09.6323s,-5d13m39.2243s,2
18h40m56.1722s,-5d11m55.3978s,1
18h41m07.0112s,-5d13m18.6276s,1
18h40m22.2284s,-5d07m33.933s,1
18h41m08.2152s,-5d13m40.4382s,2
18h41m15.807s,-5d14m25.4645s,1
18h41m08.0046s,-5d13m25.3596s,0
18h40m40.9752s,-5d09m57.3228s,0
18h40m27.048s,-5d08m10.0532s,1
18h40m27.5312s,-5d08m13.2436s,0
18h40m19.4449s,-5d07m10.8282s,2
18h40m39.1873s,-5d09m42.2075s,2
18h40m32.9303s,-5d08m53.6474s,1
18h41m10.9672s,-5d13m46.1989s,2
18h40m38.0193s,-5d09m31.1875s,1
18h40m41.4093s,-5d09m57.1338s,0
18h41m00.0805s,-5d12m20.7054s,1
18h41m08.881s,-5d13m27.6719s,1
18h40m39.1322s,-5d09m37.174s,2
18h40m32.9267s,-5d08m48.1297s,0
18h40m52.392s,-5d11m16.2182s,2
18h40m19.99s,-5d07m06.4895s,2
18h40m47.0825s,-5d10m34.6066s,0
18h41m04.4344s,-5d12m47.9797s,2
18h40m58.8825s,-5d12m05.098s,2
18h40m37.0117s,-5d09m16.798s,0
18h40m29.0887s,-5d08m15.3622s,0
18h40m50.3609s,-5d10m58.7327s,1
18h40m42.927s,-5d10m00.9433s,2
18h40m23.6097s,-5d07m32.2644s,2
18h41m12.9395s,-5d13m51.1489s,2
18h40m41.0998s,-5d09m45.7787s,2
18h40m23.0273s,-5d07m26.2319s,0
18h40m34.7994s,-5d08m56.6552s,2
18h41m08.2637s,-5d13m11.7746s,2
18h40m21.9063s,-5d07m14.3098s,1
18h40m53.1156s,-5d11m14.4658s,0
18h40m54.2057s,-5d11m22.7414s,0
18h40m57.9762s,-5d11m51.1732s,1
18h40m51.9902s,-5d11m05.0356s,2
18h41m09.4778s,-5d13m19.1928s,2
18h40m25.8022s,-5d07m42.9967s,1
18h40m29.1103s,-5d08m08.3767s,1
18h41m02.4126s,-5d12m24.5794s,2
18h40m20.6637s,-5d07m02.0885s,2
18h40m44.7816s,-5d10m07.3628s,2
18h40m58.2876s,-5d11m51.1022s,0
18h41m13.5683s,-5d13m48.5054s,1
18h40m36.4273s,-5d09m02.641s,2
18h40m40.6279s,-5d09m34.9499s,0
18h40m30.2593s,-5d08m15.1562s,0
18h40m39.9402s,-5d09m29.097s,0
18h40m29.2234s,-5d08m06.4241s,2
18h40m53.6745s,-5d11m14.4542s,1
18h41m01.057s,-5d12m10.1898s,1
18h41m14.4626s,-5d13m52.2656s,2
18h40m56.6825s,-5d11m34.9728s,1
18h40m31.5136s,-5d08m20.9026s,0
18h40m28.2295s,-5d07m54.3853s,2
18h40m42.3175s,-5d09m42.3216s,2
18h41m09.1443s,-5d13m08.4947s,0
18h40m56.2517s,-5d11m29.072s,1
18h41m08.5027s,-5d13m02.3952s,2
18h40m34.9567s,-5d08m43.5844s,2
18h40m58.2822s,-5d11m42.6296s,0
18h41m00.3133s,-5d11m57.8796s,0
18h40m36.961s,-5d08m57.921s,1
18h40m46.0812s,-5d10m07.9954s,1
18h41m05.2896s,-5d12m35.6386s,1
18h40m33.0636s,-5d08m27.3494s,1
18h40m54.1638s,-5d11m09.5849s,0
18h41m00.0783s,-5d11m54.978s,2
18h40m30.7722s,-5d08m09.2929s,0
18h40m54.7592s,-5d11m13.8365s,2
18h40m43.8646s,-5d09m49.8665s,1
18h40m41.0331s,-5d09m27.9565s,2
18h41m15.4729s,-5d13m52.6901s,1
18h40m58.0704s,-5d11m38.8158s,1
18h40m37.6466s,-5d09m01.6214s,0
18h40m22.8058s,-5d07m07.3139s,0
18h40m38.2776s,-5d09m06.1106s,2
18h41m11.0886s,-5d13m18.0502s,2
18h40m39.1951s,-5d09m11.83s,1
18h40m31.2045s,-5d08m09.7051s,1
18h40m38.1937s,-5d09m02.6719s,2
18h40m57.6028s,-5d11m31.744s,0
18h40m32.4409s,-5d08m18.0614s,0
18h41m13.5644s,-5d13m34.1882s,1
18h41m08.9368s,-5d12m57.8232s,0
18h40m23.7217s,-5d07m09.944s,2
18h40m39.0641s,-5d09m07.8826s,2
18h40m20.8551s,-5d06m47.2352s,1
18h40m33.4917s,-5d08m23.8034s,0
18h40m35.7639s,-5d08m40.3541s,1
18h40m54.1072s,-5d11m01.4165s,2
18h40m27.8056s,-5d07m38.267s,0
18h40m30.9778s,-5d08m02.3896s,1
18h40m54.324s,-5d11m01.7167s,2
18h40m29.8859s,-5d07m53.6358s,0
18h40m53.0382s,-5d10m51.5388s,0
18h40m57.0342s,-5d11m22.1068s,0
18h40m52.593s,-5d10m47.6818s,0
18h40m28.8787s,-5d07m45.1243s,0
18h40m21.2023s,-5d06m46.0012s,1
18h40m44.1571s,-5d09m42.2388s,0
18h40m35.0012s,-5d08m31.7562s,2
18h40m53.9683s,-5d10m57.4673s,1
18h41m14.1918s,-5d13m32.7508s,1
18h40m31.7961s,-5d08m06.4388s,2
18h40m21.1655s,-5d06m44.6116s,2
18h40m38.5549s,-5d08m58.4362s,2
18h40m40.115s,-5d09m09.689s,0
18h40m44.7014s,-5d09m44.5356s,2
18h41m14.5962s,-5d13m32.8537s,0
18h40m55.7188s,-5d11m07.0206s,1
18h40m55.7193s,-5d11m06.8734s,0
18h41m04.2154s,-5d12m11.9902s,1
18h40m38.4753s,-5d08m53.6654s,1
18h40m56.7337s,-5d11m13.5287s,2
18h40m34.3352s,-5d08m20.9389s,0
18h40m35.037s,-5d08m25.5793s,1
18h40m37.7358s,-5d08m46.2134s,1
18h41m07.0025s,-5d12m30.9532s,0
18h41m13.1616s,-5d13m18.1416s,1
18h40m41.1626s,-5d09m10.3554s,0
18h40m34.944s,-5d08m22.4768s,0
18h40m30.3519s,-5d07m47.113s,1
18h40m23.8202s,-5d06m56.812s,0
18h41m05.5304s,-5d12m17.6497s,2
18h40m44.5755s,-5d09m38.1841s,2
18h40m24.327s,-5d06m59.5235s,0
18h40m22.9988s,-5d06m49.2736s,1
18h40m55.7499s,-5d11m01.0788s,1
18h41m00.4134s,-5d11m36.8689s,2
18h40m42.8422s,-5d09m21.5417s,0
18h40m35.7144s,-5d08m24.8215s,2
18h40m37.8174s,-5d08m39.1762s,2
18h41m00.5271s,-5d11m31.9693s,0
18h40m58.5714s,-5d11m16.9231s,1
18h40m54.5714s,-5d10m45.8872s,1
18h40m57.0882s,-5d11m03.8947s,0
18h40m49.7747s,-5d10m06.8232s,1
18h40m58.7275s,-5d11m15.6163s,0
18h40m36.1481s,-5d08m21.8134s,1
18h40m28.4359s,-5d07m22.3259s,0
18h40m27.867s,-5d07m17.6113s,1
18h40m33.9408s,-5d08m03.5156s,2
18h40m28.2731s,-5d07m19.3976s,1
18h40m27.8135s,-5d07m14.2932s,1
18h41m02.4354s,-5d11m40.614s,0
18h40m40.7832s,-5d08m53.8328s,2
18h40m36.7611s,-5d08m22.439s,2
18h40m56.7374s,-5d10m56.1317s,1
18h40m29.0387s,-5d07m22.9062s,0
18h41m09.6917s,-5d12m34.8746s,1
18h40m55.6917s,-5d10m47.127s,0
18h40m55.6919s,-5d10m46.9891s,2
18h40m54.4627s,-5d10m37.1618s,1
18h40m36.3181s,-5d08m16.6639s,0
18h40m59.0784s,-5d11m10.8251s,0
18h41m09.2448s,-5d12m29.0009s,1
18h41m01.5746s,-5d11m28.5335s,2
18h40m53.1018s,-5d10m22.651s,0
18h40m30.838s,-5d07m31.2168s,0
18h40m21.1072s,-5d06m16.1186s,1
18h40m33.8722s,-5d07m54.2698s,0
18h40m32.7363s,-5d07m44.7089s,0
18h40m29.6413s,-5d07m20.7062s,2
18h40m26.0858s,-5d06m53.2796s,2
18h40m22.5458s,-5d06m25.7148s,0
18h40m56.8039s,-5d10m49.1066s,1
18h41m13.2311s,-5d12m55.2906s,2
18h40m42.8409s,-5d09m01.1365s,2
18h41m09.1243s,-5d12m23.0436s,2
18h40m42.6127s,-5d08m58.8898s,2
18h40m33.3584s,-5d07m46.6694s,1
18h40m58.8213s,-5d11m01.5605s,0
18h40m23.5874s,-5d06m29.2396s,1
18h41m12.924s,-5d12m47.9142s,2
18h40m35.8699s,-5d08m02.5498s,0
18h40m58.9064s,-5d10m57.7942s,2
18h40m58.832s,-5d10m56.2051s,0
18h40m23.0597s,-5d06m20.5279s,1
18h40m30.0247s,-5d07m13.4558s,0
18h41m03.497s,-5d11m30.462s,0
18h40m24.6877s,-5d06m31.1008s,0
18h41m11.2767s,-5d12m29.5099s,1
18h40m25.5948s,-5d06m37.3939s,1
18h41m09.7303s,-5d12m14.7524s,1
18h40m27.9247s,-5d06m52.9963s,1
18h40m59.0295s,-5d10m52.3121s,0
18h40m33.9128s,-5d07m38.96s,2
18h40m22.1824s,-5d06m08.4186s,1
18h40m21.2398s,-5d06m00.0112s,1
18h40m22.9072s,-5d06m12.6112s,1
18h40m31.951s,-5d07m21.8446s,1
18h41m10.2546s,-5d12m15.6953s,1
18h40m21.7035s,-5d06m02.0203s,2
18h40m58.7176s,-5d10m46.4164s,1
18h40m22.3682s,-5d06m05.8648s,1
18h41m10.2998s,-5d12m13.6292s,0
18h40m42.2171s,-5d08m37.3484s,2
18h40m41.3338s,-5d08m28.7059s,0
18h40m21.3674s,-5d05m54.5521s,1
18h40m54.6974s,-5d10m10.5931s,2
18h40m36.3466s,-5d07m49.2517s,0
18h41m01.345s,-5d11m01.158s,0
18h40m32.3119s,-5d07m17.3453s,2
18h40m35.5311s,-5d07m41.3551s,1
